Date,Open,High,Low,Close,Volume,Change,Return,MACD,RSI,MA5,MA20,MA60,BB_Upper,BB_Lower,UpDown
2021-04-01,21200,21300,20750,21250,447868,0.014319809069212486,0.014319809069212486,73.00691641121409,64.20293045204157,20760.0,20007.5,18771.666666666668,21589.041969092174,18425.958030907826,1
2021-04-02,21400,21400,20400,20500,581550,-0.03529411764705881,-0.03529411764705881,30.13732558605875,56.35554092292399,20830.0,20072.5,18815.0,21622.491935462876,18522.508064537124,0
2021-04-05,20500,20650,19450,19950,544999,-0.02682926829268295,-0.02682926829268295,-38.424606021276304,51.39449682580067,20680.0,20112.5,18850.833333333332,21605.44172692706,18619.55827307294,0
2021-04-06,20300,20400,19850,20150,267174,0.010025062656641603,0.010025062656641603,-71.54504402658858,53.014270832135814,20560.0,20150.0,18865.0,21606.708618770394,18693.291381229606,1
2021-04-07,20250,20300,19600,19750,409583,-0.01985111662531014,-0.01985111662531014,-118.8427450320014,49.463912971382946,20320.0,20207.5,18861.666666666668,21496.016588950235,18918.983411049765,0
2021-04-08,19800,20100,19650,19800,234921,0.0025316455696202667,0.0025316455696202667,-143.55824081090685,49.91543396661376,20030.0,20262.5,18872.5,21370.14389584376,19154.85610415624,1
2021-04-09,19900,19900,19200,19250,437388,-0.02777777777777779,-0.02777777777777779,-190.78742073565024,45.137986816431734,19780.0,20212.5,18877.5,21404.92400177116,19020.07599822884,0
2021-04-12,19400,19700,19350,19450,264251,0.010389610389610393,0.010389610389610393,-201.35381907885557,47.11999092645701,19680.0,20157.5,18892.5,21383.581155552092,18931.418844447908,1
2021-04-13,19450,19800,19450,19700,251619,0.01285347043701801,0.01285347043701801,-184.73697886731145,49.57241557313673,19590.0,20127.5,18910.0,21367.449595749742,18887.550404250258,1
2021-04-14,19650,19700,19200,19350,313007,-0.017766497461928932,-0.017766497461928932,-189.82283892572025,46.33271676307225,19510.0,20017.5,18935.0,21115.350171926915,18919.649828073085,0
2021-04-15,19400,19400,19050,19050,341297,-0.015503875968992276,-0.015503875968992276,-204.62139403591001,43.69668328120957,19360.0,19977.5,18955.0,21152.436168478933,18802.563831521067,0
2021-04-16,19200,19350,18950,19350,252150,0.015748031496062964,0.015748031496062964,-185.97494168779647,46.94722641216465,19380.0,19970.0,18963.333333333332,21158.865004952182,18781.134995047818,1
2021-04-19,19450,19700,19350,19700,257389,0.01808785529715773,0.01808785529715773,-143.72852674432198,50.535203443094304,19430.0,19982.5,18978.333333333332,21154.368166646724,18810.631833353276,1
2021-04-20,19650,19900,19550,19800,197765,0.0050761421319796,0.0050761421319796,-104.53156890223022,51.543549940118105,19450.0,19977.5,18998.333333333332,21151.584749922233,18803.415250077767,1
2021-04-21,19800,19800,19450,19550,178365,-0.012626262626262652,-0.012626262626262652,-91.39865473956034,48.86186180913549,19490.0,19970.0,19025.833333333332,21152.96238317199,18787.03761682801,0
2021-04-22,19550,19950,19500,19850,217697,0.01534526854219953,0.01534526854219953,-59.982596150319026,52.0835569695457,19650.0,19950.0,19051.666666666668,21126.860229593964,18773.139770406036,1
2021-04-23,19800,19800,19400,19650,179712,-0.010075566750629705,-0.010075566750629705,-50.526017980670225,49.82972543626176,19710.0,19925.0,19073.333333333332,21105.042372120577,18744.957627879423,0
2021-04-26,19700,19800,19400,19400,207968,-0.012722646310432517,-0.012722646310432517,-58.40467034163751,47.08679590479637,19650.0,19860.0,19099.166666666668,21004.814395437075,18715.185604562925,0
2021-04-27,19550,20450,19400,20250,671869,0.04381443298969079,0.04381443298969079,-6.40315112716528,55.96266324841969,19740.0,19835.0,19152.5,20921.324076875753,18748.675923124247,1
2021-04-28,20500,21150,20050,20350,1010255,0.004938271604938205,0.004938271604938205,32.55544020682484,56.87909549419218,19900.0,19805.0,19212.5,20795.40395798884,18814.59604201116,1
2021-04-29,20400,22150,19450,21900,2147009,0.07616707616707608,0.07616707616707608,153.75811539718285,67.99630557052953,20310.0,19837.5,19283.333333333332,21036.197209473667,18638.802790526333,1
2021-04-30,22200,22450,21200,22050,1452803,0.006849315068493178,0.006849315068493178,230.46096931284012,68.83371384608216,20790.0,19915.0,19355.833333333332,21432.926216915683,18397.073783084317,1
2021-05-03,21700,22750,20800,20900,1041939,-0.05215419501133789,-0.05215419501133789,191.76307688110944,56.6049441923269,21090.0,19962.5,19412.5,21540.116873642,18384.883126358,0
2021-05-04,20900,22100,20200,22100,898450,0.05741626794258381,0.05741626794258381,232.29728291893468,63.82663044867158,21460.0,20060.0,19484.166666666668,21892.375507367404,18227.624492632596,1
2021-05-06,22000,23500,21900,23400,1455550,0.05882352941176472,0.05882352941176472,326.2200771216331,69.70793915231508,22070.0,20242.5,19577.5,22574.08208090557,17910.91791909443,1
2021-05-07,23400,23850,23100,23450,540858,0.002136752136752129,0.002136752136752129,368.16661468970347,69.91057219925983,22380.0,20425.0,19672.5,23130.82704547056,17719.17295452944,1
2021-05-10,23400,23800,22800,23750,608999,0.01279317697228155,0.01279317697228155,390.4518245010165,71.15724952551508,22720.0,20650.0,19776.666666666668,23658.98654034875,17641.01345965125,1
2021-05-11,23500,24700,23200,24450,640853,0.02947368421052632,0.02947368421052632,423.8826142934804,73.8769749856112,23430.0,20900.0,19890.833333333332,24276.980900153263,17523.019099846737,1
2021-05-12,24250,25000,23900,24850,709647,0.01635991820040905,0.01635991820040905,442.435327083768,75.30969548557879,23980.0,21157.5,20008.333333333332,24895.31687619925,17419.68312380075,1
2021-05-13,24300,24750,22550,22650,1002177,-0.08853118712273644,-0.08853118712273644,283.75586005215644,56.843860619961994,23830.0,21322.5,20089.166666666668,25017.69620588676,17627.30379411324,0
2021-05-14,23150,23500,22600,23050,365043,0.017660044150110465,0.017660044150110465,187.58812505622143,58.82090686486042,23750.0,21522.5,20166.666666666668,25136.151200655633,17908.848799344367,1
2021-05-17,23050,23250,22000,22150,428247,-0.0390455531453362,-0.0390455531453362,52.25228997974318,52.94388570138966,23430.0,21662.5,20234.166666666668,25143.142900384915,18181.857099615085,0
2021-05-18,22200,23200,22200,22900,283467,0.0338600451467268,0.0338600451467268,4.6412284522775735,56.816030067754035,23120.0,21822.5,20309.166666666668,25220.804724417736,18424.195275582264,1
2021-05-20,22600,22700,21950,22400,306904,-0.02183406113537123,-0.02183406113537123,-65.27245207767714,53.64666937541634,22630.0,21952.5,20370.833333333332,25228.087733522018,18676.912266477982,0
2021-05-21,22700,23200,21300,21500,810001,-0.0401785714285714,-0.0401785714285714,-170.87828787012097,48.411763536538345,22400.0,22050.0,20415.833333333332,25144.83440590929,18955.16559409071,0
2021-05-24,22850,22850,21350,21350,745300,-0.006976744186046546,-0.006976744186046546,-245.0665286451059,47.57844736736652,22060.0,22125.0,20478.333333333332,25072.11723553711,19177.88276446289,0
2021-05-25,21550,21700,21100,21400,295194,0.0023419203747072626,0.0023419203747072626,-282.3516703972492,47.90037402419244,21910.0,22212.5,20532.5,24957.47267745963,19467.52732254037,1
2021-05-26,21400,21700,21000,21150,296541,-0.011682242990654235,-0.011682242990654235,-313.0538784468781,46.36712767013712,21560.0,22300.0,20590.833333333332,24779.51608181917,19820.48391818083,0
2021-05-27,21350,21950,21100,21950,302499,0.0378250591016549,0.0378250591016549,-270.29851058361896,51.69550800584613,21470.0,22385.0,20659.166666666668,24687.846065198428,20082.153934801572,1
2021-05-28,21900,22000,21600,21750,173890,-0.009111617312072884,-0.009111617312072884,-246.94426311745434,50.348786304342134,21520.0,22455.0,20711.666666666668,24584.765245279366,20325.234754720634,0
2021-05-31,21650,21950,21300,21900,243256,0.006896551724137945,0.006896551724137945,-214.07551203375704,51.37197937445028,21630.0,22455.0,20766.666666666668,24584.765245279366,20325.234754720634,1
2021-06-01,21900,22550,21650,22200,323071,0.013698630136986356,0.013698630136986356,-166.90571768639853,53.438634950726794,21790.0,22462.5,20816.666666666668,24587.55882271524,20337.44117728476,1
2021-06-02,22250,23250,22100,23200,574758,0.04504504504504503,0.04504504504504503,-68.19224847817793,59.60183887501362,22200.0,22577.5,20884.166666666668,24598.260995268833,20556.739004731167,1
2021-06-03,23050,23500,22800,23000,343205,-0.008620689655172376,-0.008620689655172376,-18.772698259300455,57.94969942955596,22410.0,22622.5,20944.166666666668,24638.802308682873,20606.197691317127,0
2021-06-04,22900,23450,22800,22950,273629,-0.0021739130434782483,-0.0021739130434782483,6.775160383864488,57.52042617763485,22650.0,22600.0,21016.666666666668,24590.97965835914,20609.02034164086,0
2021-06-07,23200,23300,22250,22600,315366,-0.015250544662309351,-0.015250544662309351,-3.139296853304927,54.47822245940332,22790.0,22557.5,21081.666666666668,24510.00480153056,20604.99519846944,0
2021-06-08,22600,22650,21600,21700,412686,-0.03982300884955747,-0.03982300884955747,-69.8536744409804,47.51855384371907,22690.0,22455.0,21105.833333333332,24361.01678901312,20548.98321098688,0
2021-06-09,21700,22000,21400,21550,230004,-0.00691244239631339,-0.00691244239631339,-120.64940527636293,46.453389851471925,22360.0,22310.0,21122.5,24017.805609546907,20602.194390453093,0
2021-06-10,21600,21800,21000,21250,371594,-0.0139211136890951,-0.0139211136890951,-168.1025057496446,44.31391088747943,22010.0,22130.0,21138.333333333332,23442.0213412898,20817.9786587102,0
2021-06-11,21300,21900,21300,21800,246807,0.025882352941176467,0.025882352941176467,-156.34478647087826,48.95549009415657,21780.0,22087.5,21142.5,23384.371234934253,20790.628765065747,1
2021-06-14,21950,22150,21700,21850,168369,0.002293577981651307,0.002293577981651307,-139.6437220641954,49.368661685750226,21630.0,22027.5,21175.833333333332,23249.578148073964,20805.421851926036,1
2021-06-15,21900,21900,21400,21800,177209,-0.0022883295194507935,-0.0022883295194507935,-126.78325218540473,48.94203489867145,21650.0,22010.0,21214.166666666668,23234.581561187286,20785.418438812714,0
2021-06-16,21850,21900,21400,21800,239653,0.0,0.0,-113.524311765753,48.94203489867145,21700.0,21955.0,21253.333333333332,23111.676272774668,20798.323727225332,0
2021-06-17,21750,21800,21350,21550,202482,-0.011467889908256867,-0.011467889908256867,-116.40634438119683,46.60651912118423,21760.0,21912.5,21280.833333333332,23063.09767077806,20761.90232922194,0
2021-06-18,21550,21600,20550,20650,814281,-0.04176334106728541,-0.04176334106728541,-170.47031315645097,39.33016628993379,21530.0,21870.0,21296.666666666668,23135.46434165483,20604.53565834517,0
2021-06-21,20450,20750,20250,20300,254518,-0.016949152542372836,-0.016949152542372836,-218.29175395212798,36.916392564588605,21220.0,21817.5,21297.5,23242.02623703458,20392.97376296542,0
2021-06-22,20500,20650,20400,20500,188945,0.009852216748768461,0.009852216748768461,-224.0963740375201,39.2121917245658,20960.0,21772.5,21303.333333333332,23300.07160224976,20244.92839775024,1
2021-06-23,20450,20750,20200,20450,225880,-0.0024390243902439046,-0.0024390243902439046,-218.70503211418185,38.83171453017742,20690.0,21737.5,21299.166666666668,23350.222852817526,20124.777147182474,0
2021-06-24,20350,20400,19900,19950,333264,-0.02444987775061125,-0.02444987775061125,-234.7983768682741,35.15791611822668,20370.0,21637.5,21285.833333333332,23423.802046127672,19851.197953872328,0
2021-06-25,20100,20700,20100,20350,265769,0.020050125313283207,0.020050125313283207,-205.54321684762454,40.04478192140391,20310.0,21567.5,21275.833333333332,23438.40218878484,19696.59781121516,1
2021-06-28,20500,20800,20400,20550,170915,0.00982800982800991,0.00982800982800991,-161.6931546060565,42.38296773963076,20360.0,21500.0,21264.166666666668,23414.941252362565,19585.058747637435,1
2021-06-29,20700,20700,20350,20500,124273,-0.0024330900243308973,-0.0024330900243308973,-126.57986767206285,41.94258336276368,20360.0,21415.0,21264.166666666668,23348.93381479303,19481.06618520697,0
2021-06-30,20450,20800,20400,20600,183089,0.004878048780487809,0.004878048780487809,-88.92216806887626,43.213452073953505,20390.0,21285.0,21275.0,23064.915728342192,19505.084271657808,1
2021-07-01,20750,20750,20500,20700,134522,0.004854368932038833,0.004854368932038833,-51.44108712957035,44.5212902662682,20540.0,21170.0,21284.166666666668,22781.024518745733,19558.975481254267,1
2021-07-02,20700,21100,20650,20700,212136,0.0,0.0,-22.300049283233875,44.5212902662682,20610.0,21057.5,21300.0,22455.81148175216,19659.18851824784,0
2021-07-05,21000,21000,20550,20600,118677,-0.004830917874396157,-0.004830917874396157,-6.24495028988855,43.3630523998765,20620.0,20957.5,21313.333333333332,22174.576415020816,19740.423584979184,0
2021-07-06,20700,20700,20400,20650,103003,0.0024271844660195274,0.0024271844660195274,10.353384005723967,44.14547798707431,20650.0,20905.0,21336.666666666668,22079.26572801897,19730.73427198103,1
2021-07-07,20600,20600,20100,20200,228308,-0.021791767554479424,-0.021791767554479424,-5.510333811893645,38.93253388371291,20570.0,20837.5,21349.166666666668,22010.903170270103,19664.096829729897,0
2021-07-08,20200,20350,19600,19850,291005,-0.017326732673267342,-0.017326732673267342,-34.49470915092701,35.428341944283886,20400.0,20767.5,21351.666666666668,21999.683022119658,19535.316977880342,0
2021-07-09,19400,19600,19050,19250,296388,-0.030226700251889116,-0.030226700251889116,-86.05924512002633,30.380178309651086,20110.0,20640.0,21350.0,21944.070550238725,19335.929449761275,0
2021-07-12,19500,20500,19400,20400,221826,0.05974025974025965,0.05974025974025965,-37.19643203125298,46.20266198221886,20070.0,20567.5,21372.5,21749.98678639549,19385.01321360451,1
2021-07-13,20650,20750,20350,20650,266587,0.01225490196078427,0.01225490196078427,14.699709198613505,48.92045050043836,20070.0,20510.0,21394.166666666668,21550.480658157536,19469.519341842464,1
2021-07-14,20700,21650,20400,21400,614125,0.036319612590798966,0.036319612590798966,97.65192856252645,56.08762158403047,20310.0,20490.0,21422.5,21442.155449493377,19537.844550506623,1
2021-07-15,21450,21700,21100,21450,304658,0.002336448598130758,0.002336448598130758,150.82607046303536,56.525575065833905,20630.0,20485.0,21450.0,21415.644937664165,19554.355062335835,1
2021-07-16,21450,21550,21050,21500,300237,0.002331002331002363,0.002331002331002363,182.20465079862458,56.98755155231926,21080.0,20527.5,21482.5,21556.808019982327,19498.191980017673,1
2021-07-19,21450,21450,21050,21250,188873,-0.011627906976744207,-0.011627906976744207,178.7166979629935,53.90325784741784,21250.0,20575.0,21505.833333333332,21644.81306778331,19505.18693221669,0
2021-07-20,20800,21350,20700,21300,231708,0.0023529411764706687,0.0023529411764706687,172.2958895038222,54.43442022837851,21380.0,20615.0,21533.333333333332,21729.495401515833,19500.504598484167,1
2021-07-21,21550,22200,21350,22000,715168,0.032863849765258246,0.032863849765258246,205.4621976454112,61.17875678150841,21500.0,20692.5,21576.666666666668,21955.937770529254,19429.062229470746,1
2021-07-22,22200,22200,21500,22050,437734,0.002272727272727204,0.002272727272727204,219.7525394743107,61.61578715375858,21620.0,20797.5,21606.666666666668,22143.03892548671,19451.96107451329,1
2021-07-23,22300,22600,22000,22100,442099,0.0022675736961450532,0.0022675736961450532,220.96180748548144,62.07556284746275,21740.0,20885.0,21635.833333333332,22326.90845756585,19443.09154243415,1
2021-07-26,22250,23700,21650,23050,1457206,0.042986425339366585,0.042986425339366585,270.8410008035024,69.54089025636054,22100.0,21010.0,21655.0,22722.191578065936,19297.808421934064,1
2021-07-27,23100,23300,22600,23150,581041,0.00433839479392617,0.00433839479392617,293.7484950041834,70.20573983708692,22470.0,21142.5,21673.333333333332,23072.597147814045,19212.402852185955,1
2021-07-28,22850,23450,22500,22900,383063,-0.010799136069114423,-0.010799136069114423,275.5441074524132,66.30898345267441,22650.0,21257.5,21706.666666666668,23314.506319873595,19200.493680126405,0
2021-07-29,22950,23700,22500,23350,581811,0.01965065502183405,0.01965065502183405,276.57023687913596,69.58179777181695,22910.0,21390.0,21727.5,23620.38113334917,19159.61886665083,1
2021-07-30,23500,24100,23150,23550,702583,0.008565310492505418,0.008565310492505418,273.0111149221343,70.93326544351271,23200.0,21532.5,21730.0,23926.508145349533,19138.491854650467,1
2021-08-02,23500,23750,21600,21700,1329867,-0.07855626326963905,-0.07855626326963905,135.3161629014652,49.17087939215881,22930.0,21587.5,21700.833333333332,23943.52949896641,19231.47050103359,0
2021-08-03,21800,22100,21350,21800,439230,0.004608294930875667,0.004608294930875667,44.90169969234,50.062734429757015,22660.0,21645.0,21668.333333333332,23962.52022644893,19327.47977355107,1
2021-08-04,21900,21900,21200,21550,286148,-0.011467889908256867,-0.011467889908256867,-33.57711593320863,47.80446960580018,22390.0,21712.5,21620.0,23934.407963890473,19490.592036109527,0
2021-08-05,21600,21700,21200,21500,240312,-0.002320185614849146,-0.002320185614849146,-87.62084788741322,47.344483866100205,22020.0,21795.0,21564.166666666668,23850.456153752715,19739.543846247285,0
2021-08-06,21650,22100,21500,21900,280800,0.018604651162790642,0.018604651162790642,-94.59842669642751,51.37542411608679,21690.0,21927.5,21551.666666666668,23619.089489208272,20235.910510791728,1
2021-08-09,21950,23100,21700,22950,674132,0.047945205479452024,0.047945205479452024,-30.01298589465563,60.026148451897534,21940.0,22055.0,21550.0,23648.39260698671,20461.60739301329,1
2021-08-10,22950,23200,22500,22950,369293,0.0,0.0,9.100952321181126,60.026148451897534,22170.0,22170.0,21563.333333333332,23670.466594096615,20669.533405903385,0
2021-08-11,22800,24600,22800,24200,1550053,0.05446623093681913,0.05446623093681913,109.95076576797408,67.90880517978204,22700.0,22310.0,21585.0,24006.64374575215,20613.35625424785,1
2021-08-12,24300,25100,23700,24500,1114317,0.012396694214876103,0.012396694214876103,183.33133525686196,69.46509036506725,23300.0,22462.5,21620.0,24359.042907502986,20565.957092497014,1
2021-08-13,24600,24850,23350,24250,634200,-0.010204081632653073,-0.010204081632653073,200.1304197954886,66.56793478990026,23770.0,22600.0,21665.833333333332,24593.74020373766,20606.25979626234,0
2021-08-17,24000,25200,24000,24700,1044371,0.01855670103092777,0.01855670103092777,224.80091692556152,69.06863423193485,24120.0,22772.5,21721.666666666668,24863.785489836304,20681.214510163696,1
2021-08-18,24600,25000,23450,24800,684746,0.004048582995951344,0.004048582995951344,230.26324564931963,69.61259069005345,24490.0,22947.5,21778.333333333332,25101.444056840817,20793.555943159183,1
2021-08-19,24550,25650,23050,23150,1039532,-0.06653225806451613,-0.06653225806451613,111.19419404707753,53.03863984490879,24280.0,23005.0,21811.666666666668,25115.663402819093,20894.336597180907,0
2021-08-20,23500,23650,22200,22600,543650,-0.023758099352051865,-0.023758099352051865,-9.74092159355746,48.862479371538065,23900.0,23032.5,21822.5,25106.69261400668,20958.30738599332,0
2021-08-23,22850,22950,22100,22500,304040,-0.004424778761061954,-0.004424778761061954,-96.7658811754626,48.120592374799905,23550.0,23052.5,21835.0,25097.85449250243,21007.14550749757,0
2021-08-24,22700,23550,22700,23300,315936,0.03555555555555556,0.03555555555555556,-100.31817325260772,54.12185678972391,23270.0,23065.0,21858.333333333332,25113.194326718014,21016.805673281986,1
2021-08-25,23350,23550,22850,23450,312260,0.006437768240343367,0.006437768240343367,-92.61803352386744,55.16901426466186,23000.0,23080.0,21879.166666666668,25134.847926246577,21025.152073753423,1
2021-08-26,23650,23700,22700,23200,319188,-0.010660980810234588,-0.010660980810234588,-103.58471187744266,52.99782518604391,23010.0,23095.0,21879.166666666668,25148.75266281017,21041.24733718983,0
2021-08-27,22850,23400,22750,23100,194304,-0.004310344827586188,-0.004310344827586188,-115.8677586837315,52.11432986511695,23110.0,23082.5,21880.833333333332,25132.932881125314,21032.067118874686,0
2021-08-30,23500,25250,23400,25050,1328479,0.0844155844155845,0.0844155844155845,2.7583147623645914,64.53119696511752,23620.0,23157.5,21915.833333333332,25373.865267729998,20941.134732270002,1
2021-08-31,25050,25200,24650,24950,450247,-0.003992015968063867,-0.003992015968063867,66.38461627770306,63.620128370470624,23950.0,23320.0,21955.0,25561.517343229774,21078.482656770226,0
2021-09-01,24950,25150,24150,24500,490069,-0.018036072144288595,-0.018036072144288595,69.71524410167359,59.546031284677916,24160.0,23455.0,22001.666666666668,25638.552151884596,21271.447848115404,0
2021-09-02,24400,24600,24000,24500,245616,0.0,0.0,63.63816833777548,59.546031284677916,24420.0,23602.5,22050.833333333332,25645.40846588873,21559.59153411127,0
2021-09-03,24600,25750,24450,24450,704870,-0.0020408163265306367,-0.0020408163265306367,48.64716912673509,59.05867408889711,24690.0,23750.0,22104.166666666668,25579.207478663873,21920.792521336127,0
2021-09-06,24450,25350,24100,25300,426143,0.03476482617586907,0.03476482617586907,86.1799690376638,64.39389743443171,24740.0,23920.0,22162.5,25659.655138238566,22180.344861761434,1
2021-09-07,25600,26900,25150,26450,1598920,0.045454545454545414,0.045454545454545414,173.6150148552631,70.07561380736433,25040.0,24095.0,22239.166666666668,26093.97473720901,22096.02526279099,1
2021-09-08,26500,27100,25650,26350,898285,-0.003780718336483968,-0.003780718336483968,207.5765485490415,69.04388121175003,25410.0,24265.0,22315.0,26417.928238469605,22112.071761530395,0
2021-09-09,26200,26500,25750,26250,328057,-0.003795066413662229,-0.003795066413662229,205.7684921401294,67.96623028446209,25760.0,24367.5,22389.166666666668,26687.041980650454,22047.958019349546,0
2021-09-10,26200,26550,25250,25750,391984,-0.01904761904761909,-0.01904761904761909,155.63947738825414,62.696919645634715,26020.0,24430.0,22459.166666666668,26826.539171388573,22033.460828611427,0
2021-09-13,25650,25750,24950,25450,242530,-0.011650485436893177,-0.011650485436893177,90.2604667790331,59.705935830180515,26050.0,24490.0,22539.166666666668,26925.28232449542,22054.71767550458,0
2021-09-14,25400,26500,25400,25850,352670,0.015717092337917515,0.015717092337917515,63.21697278853401,62.28913433593145,25930.0,24547.5,22631.666666666668,27053.188528129507,22041.811471870493,1
2021-09-15,25850,25850,25100,25500,232350,-0.013539651837524147,-0.013539651837524147,13.611770442797592,58.74060917035747,25760.0,24582.5,22715.0,27120.66370630419,22044.33629369581,0
2021-09-16,25600,25600,24750,25250,261347,-0.009803921568627416,-0.009803921568627416,-41.18354452784865,56.274545757074,25560.0,24687.5,22795.0,27152.631842315906,22222.368157684094,0
2021-09-17,25250,26050,24750,25650,364466,0.015841584158415856,0.015841584158415856,-54.78411347684175,59.2242116491153,25540.0,24840.0,22890.0,27141.651580930487,22538.348419069513,1
2021-09-23,25250,25450,24650,25250,267073,-0.015594541910331383,-0.015594541910331383,-92.78091637396096,55.21309517045943,25500.0,24977.5,22971.666666666668,27017.224246068523,22937.775753931477,0
2021-09-24,25250,26250,25200,25900,370875,0.025742574257425765,0.025742574257425765,-76.8569373969533,59.95890156073089,25510.0,25107.5,23060.833333333332,27031.10988768508,23183.89011231492,1
2021-09-27,26000,26350,25700,26200,248229,0.01158301158301156,0.01158301158301156,-50.132228080778646,61.96229327813996,25650.0,25245.0,23155.833333333332,27065.412041269723,23424.587958730277,1
2021-09-28,26300,26700,25950,26600,409744,0.01526717557251911,0.01526717557251911,-11.542755785501981,64.5118609141839,25920.0,25415.0,23255.833333333332,27066.99878934574,23763.00121065426,1
2021-09-29,26050,27150,25700,26900,493616,0.011278195488721776,0.011278195488721776,26.10493807614978,66.33443052239582,26170.0,25605.0,23359.166666666668,27002.819730866533,24207.180269133467,1
2021-09-30,26800,28300,26800,27800,878116,0.03345724907063197,0.03345724907063197,99.41988899502826,71.12539440017098,26680.0,25742.5,23477.5,27409.915665033703,24075.084334966297,1
2021-10-01,27850,28300,26350,26650,618207,-0.04136690647482011,-0.04136690647482011,60.194285909596374,59.47789862040213,26830.0,25827.5,23578.333333333332,27497.97149032834,24157.02850967166,0
2021-10-05,26550,28250,26200,27550,718499,0.03377110694183871,0.03377110694183871,83.17573065064653,64.39240465261682,27100.0,25980.0,23693.333333333332,27694.176186977224,24265.823813022776,1
2021-10-06,27700,28600,26450,26800,603944,-0.02722323049001818,-0.02722323049001818,38.45390289616955,58.07182608980304,27140.0,26095.0,23803.333333333332,27701.82917573704,24488.17082426296,0
2021-10-07,27000,27250,25100,25900,609084,-0.03358208955223885,-0.03358208955223885,-56.018926113716134,51.53468650749066,26940.0,26167.5,23904.166666666668,27591.324076211586,24743.675923788414,0
2021-10-08,25900,26300,24500,24700,588368,-0.04633204633204635,-0.04633204633204635,-195.73991774901185,44.36377746938626,26320.0,26137.5,23995.0,27655.352100831886,24619.647899168114,0
2021-10-12,24550,25350,24300,25100,253932,0.0161943319838056,0.0161943319838056,-253.94278288089004,47.01061267079241,26010.0,26070.0,24073.333333333332,27645.246012532574,24494.753987467426,1
2021-10-13,25100,25500,24900,25100,188776,0.0,0.0,-282.9488537806252,47.01061267079241,25520.0,26007.5,24147.5,27631.77676213131,24383.22323786869,0
2021-10-14,25100,25650,24950,25650,185780,0.021912350597609542,0.021912350597609542,-256.38978075257955,50.74717696424197,25290.0,25977.5,24218.333333333332,27604.91359217618,24350.08640782382,1
2021-10-15,25750,25900,25300,25300,148561,-0.013645224171540016,-0.013645224171540016,-253.2473557444817,48.40785787745835,25170.0,25955.0,24282.5,27606.63555302003,24303.36444697997,0
2021-10-18,25550,25550,24100,24200,403456,-0.04347826086956519,-0.04347826086956519,-312.23280908379735,41.87449886780156,25070.0,25892.5,24327.5,27702.824556536696,24082.175443463304,0
2021-10-19,24250,24350,23500,24150,332322,-0.0020661157024793875,-0.0020661157024793875,-339.3465092827152,41.59966358888863,24880.0,25807.5,24375.833333333332,27770.985421387126,23844.014578612874,0
2021-10-20,24200,24450,23300,23400,301793,-0.03105590062111796,-0.03105590062111796,-388.96119243897385,37.61194426108285,24540.0,25702.5,24410.833333333332,27927.691003037668,23477.308996962332,0
2021-10-21,23400,23850,23200,23450,192035,0.002136752136752129,0.002136752136752129,-398.1375198305251,38.03837742344929,24100.0,25612.5,24435.0,28040.02445919702,23184.97554080298,1
2021-10-22,23700,23800,22850,22850,262118,-0.02558635394456288,-0.02558635394456288,-422.0608765437181,34.95109581581919,23610.0,25472.5,24448.333333333332,28181.831098260194,22763.168901739806,0
2021-10-25,22700,23100,22550,23050,235183,0.00875273522975939,0.00875273522975939,-401.95719048199305,36.79265318111528,23380.0,25362.5,24464.166666666668,28270.398725884344,22454.601274115656,1
2021-10-26,23100,24050,23050,23750,235957,0.030368763557483636,0.030368763557483636,-322.48710174410655,42.88707357274331,23300.0,25255.0,24475.833333333332,28233.573484069144,22276.426515930856,1
2021-10-27,23850,24000,20850,21150,672079,-0.10947368421052628,-0.10947368421052628,-419.83653255786567,30.950245530906088,22850.0,25002.5,24442.5,28438.84616998925,21566.15383001075,0
2021-10-28,21300,23100,21250,23050,816005,0.08983451536643017,0.08983451536643017,-334.77341507629785,43.35736372000979,22770.0,24825.0,24445.0,28279.634568228572,21370.365431771428,1
2021-10-29,23050,23050,21900,22100,376918,-0.041214750542299394,-0.041214750542299394,-320.9541209697452,39.53248568913575,22620.0,24585.0,24424.166666666668,28096.13941620093,21073.86058379907,0
2021-11-01,22200,22600,21300,22350,292182,0.011312217194570096,0.011312217194570096,-275.20078941956433,41.007355462498616,22480.0,24312.5,24404.166666666668,27623.523255732256,21001.476744267744,1
2021-11-02,22300,22600,21900,22450,243895,0.004474272930648837,0.004474272930648837,-220.77569841465538,41.620742789135086,22220.0,24102.5,24416.666666666668,27325.46059547737,20879.53940452263,1
2021-11-03,22450,22450,22050,22150,126367,-0.013363028953229383,-0.013363028953229383,-188.79224283914152,40.268037054837265,22420.0,23832.5,24422.5,26744.76286588279,20920.23713411721,0
2021-11-04,22200,22450,21800,22100,175158,-0.0022573363431150906,-0.0022573363431150906,-156.16668351087878,40.034497034268206,22230.0,23597.5,24431.666666666668,26261.98400257908,20933.01599742092,0
2021-11-05,22100,22600,21650,22550,231696,0.020361990950226172,0.020361990950226172,-92.58418435135218,43.22587677246677,22320.0,23430.0,24449.166666666668,25909.193417222596,20950.806582777404,1
2021-11-08,22950,23800,22600,23150,244357,0.026607538802660757,0.026607538802660757,-3.147907055577207,47.25647555758135,22480.0,23352.5,24470.0,25764.029597579065,20940.970402420935,1
2021-11-09,23300,24200,23050,24150,339775,0.043196544276457916,0.043196544276457916,123.33886030679764,53.21768371851134,22820.0,23305.0,24490.0,25612.141088013443,20997.858911986557,1
2021-11-10,24150,24150,23500,23750,162096,-0.0165631469979296,-0.0165631469979296,176.79166814478504,50.74698353549229,23140.0,23237.5,24503.333333333332,25405.41950957591,21069.58049042409,0
2021-11-11,23450,24050,23250,23950,176149,0.008421052631578885,0.008421052631578885,219.55377485997963,51.94821929824996,23510.0,23152.5,24499.166666666668,25052.098641818808,21252.901358181192,1
2021-11-12,24150,24300,23800,24050,168935,0.0041753653444676075,0.0041753653444676075,246.49132308382661,52.5710834146432,23810.0,23090.0,24491.666666666668,24772.735867568008,21407.264132431992,1
2021-11-15,24250,24300,23600,23800,129146,-0.01039501039501034,-0.01039501039501034,239.20024790629844,50.79829204886923,23940.0,23070.0,24484.166666666668,24708.413867128773,21431.586132871227,0
2021-11-16,24250,25450,24150,25400,677263,0.0672268907563025,0.0672268907563025,328.3550372206264,60.077191064200136,24190.0,23132.5,24495.833333333332,25009.006061807384,21255.993938192616,1
2021-11-17,25350,25850,24950,25800,388213,0.015748031496062964,0.015748031496062964,395.9570004239766,62.00628223663082,24600.0,23252.5,24512.5,25459.868342619746,21045.131657380254,1
2021-11-18,25750,26400,25500,26350,305440,0.02131782945736438,0.02131782945736438,455.17644662534065,64.5432664712441,25080.0,23397.5,24565.833333333332,25985.834406524755,20809.165593475245,1
2021-11-19,26500,27350,24750,25050,860090,-0.04933586337760909,-0.04933586337760909,386.93739508356657,55.16661711529389,25280.0,23507.5,24606.666666666668,26179.06789170701,20835.93210829299,0
2021-11-22,25050,25450,24000,24550,296285,-0.019960079840319334,-0.019960079840319334,292.5592527406883,52.035442263047294,25430.0,23582.5,24640.833333333332,26282.550925445637,20882.449074554363,0
2021-11-23,24550,24550,24100,24350,106085,-0.008146639511201648,-0.008146639511201648,205.22359028576494,50.79354919794573,25220.0,23612.5,24658.333333333332,26332.587314774995,20892.412685225005,0
2021-11-24,24100,24650,23700,24250,180554,-0.004106776180698102,-0.004106776180698102,132.79431783737402,50.149079348916665,24910.0,23767.5,24671.666666666668,26251.70510425364,21283.29489574636,0
2021-11-25,24200,25050,24000,24450,139186,0.008247422680412342,0.008247422680412342,92.34757803917645,51.4751686095193,24530.0,23837.5,24692.5,26315.78065400185,21359.21934599815,1
2021-11-26,24350,24700,23300,23750,208064,-0.02862985685071573,-0.02862985685071573,16.42077879054274,46.78430815233775,24270.0,23920.0,24703.333333333332,26267.85008039266,21572.14991960734,0
2021-11-29,22750,23150,22150,22650,309308,-0.0463157894736842,-0.0463157894736842,-103.32851788245661,40.53335035157491,23890.0,23935.0,24663.333333333332,26246.081997679838,21623.918002320162,0
2021-11-30,22950,23500,21800,21800,279585,-0.03752759381898452,-0.03752759381898452,-228.07752840238783,36.47749644383531,23380.0,23902.5,24610.833333333332,26312.370328461646,21492.629671538354,0
2021-12-01,21950,22200,21400,22100,338036,0.013761467889908285,0.013761467889908285,-275.51056521871385,38.80490912940634,22950.0,23900.0,24570.833333333332,26317.229819442047,21482.770180557953,1
2021-12-02,21700,22450,21700,22350,149863,0.011312217194570096,0.011312217194570096,-274.5598682903436,40.75302771470906,22530.0,23912.5,24535.0,26294.699613802302,21530.300386197698,1
2021-12-03,22700,22700,22300,22650,112955,0.01342281879194629,0.01342281879194629,-239.51636083495674,43.09413731844706,22310.0,23917.5,24505.0,26288.63369509183,21546.36630490817,1
2021-12-06,22500,23050,22050,23050,116419,0.017660044150110465,0.017660044150110465,-178.01350617890643,46.149539781399326,22390.0,23912.5,24467.5,26290.498107652704,21534.501892347296,1
2021-12-07,23100,23300,22750,22850,119123,-0.008676789587852451,-0.008676789587852451,-141.03539607152226,44.85279179941557,22600.0,23847.5,24407.5,26266.68891366504,21428.31108633496,0
2021-12-08,23100,23100,22200,22350,192647,-0.021881838074398252,-0.021881838074398252,-140.19122530837217,41.698287539764195,22650.0,23777.5,24340.833333333332,26283.388066135405,21271.611933864595,0
2021-12-09,22550,22700,22300,22700,110759,0.015659955257270708,0.015659955257270708,-107.47482211652402,44.6337046824989,22720.0,23715.0,24281.666666666668,26262.567467212564,21167.432532787436,1
2021-12-10,22650,22650,22250,22500,83666,-0.008810572687224627,-0.008810572687224627,-91.35132726292022,43.29234196878928,22690.0,23637.5,24227.5,26233.434321203033,21041.565678796967,0
2021-12-13,22550,22550,21900,22000,226966,-0.022222222222222254,-0.022222222222222254,-105.41025713270608,40.05171457461527,22480.0,23547.5,24170.0,26237.75556406819,20857.24443593181,0
2021-12-14,21750,22100,21350,21500,188154,-0.022727272727272707,-0.022727272727272707,-137.4097024550053,37.06389887941969,22210.0,23352.5,24097.5,26042.75556406819,20662.24443593181,0
2021-12-15,21200,22000,21200,21800,99529,0.013953488372093092,0.013953488372093092,-127.60913593588532,39.9580640477662,22100.0,23152.5,24035.833333333332,25674.696463402455,20630.303536597545,1
2021-12-16,22050,22050,20950,21100,287711,-0.032110091743119296,-0.032110091743119296,-155.64971047114966,35.81903198254638,21780.0,22890.0,23966.666666666668,25099.886874932712,20680.113125067288,0
2021-12-17,20750,21100,20000,20650,465856,-0.021327014218009532,-0.021327014218009532,-189.62927273330627,33.42224659352841,21410.0,22670.0,23883.333333333332,24851.834090851058,20488.165909148942,0
2021-12-20,20650,21300,20400,21250,169767,0.029055690072639306,0.029055690072639306,-158.10926216385894,39.25837857199979,21260.0,22505.0,23816.666666666668,24590.161864220587,20419.838135779413,1
2021-12-21,21200,21200,20250,20350,377142,-0.04235294117647059,-0.04235294117647059,-182.55385205536356,34.38882402125817,21030.0,22305.0,23724.166666666668,24411.157638924466,20198.842361075534,0
2021-12-22,20400,20450,19750,20000,349506,-0.017199017199017175,-0.017199017199017175,-205.27875125102855,32.69061855997208,20670.0,22092.5,23620.833333333332,24228.214166268484,19956.785833731516,0
2021-12-23,20150,20800,20050,20500,212842,0.02499999999999991,0.02499999999999991,-171.0216188248006,37.4432458605132,20550.0,21895.0,23519.166666666668,23844.58970042414,19945.41029957586,1
2021-12-24,20500,20500,20050,20100,193861,-0.019512195121951237,-0.019512195121951237,-159.89117296485563,35.29610930970131,20440.0,21712.5,23405.833333333332,23616.147814066433,19808.852185933567,0
2021-12-27,20200,20300,20000,20100,104256,0.0,0.0,-137.94807271754132,35.29610930970131,20210.0,21585.0,23277.5,23560.626482916217,19609.373517083783,0
2021-12-28,20200,20250,19700,19900,303694,-0.00995024875621886,-0.00995024875621886,-122.82722495214966,34.16019419745683,20120.0,21490.0,23165.0,23593.71100676873,19386.28899323127,0
2021-12-29,19900,20350,19800,20200,110123,0.015075376884422065,0.015075376884422065,-80.58631269941907,37.413861486200965,20160.0,21395.0,23042.5,23550.8988844563,19239.1011155437,1
2021-12-30,20300,20300,19850,19900,182945,-0.014851485148514865,-0.014851485148514865,-61.6683336320973,35.523333973049404,20040.0,21272.5,22927.5,23475.333402688437,19069.666597311563,0
2022-01-03,20050,20150,19900,20050,75691,0.007537688442211143,0.007537688442211143,-29.5019256437522,37.23118155569986,20030.0,21142.5,22830.0,23311.43406999842,18973.56593000158,1
2022-01-04,20150,20950,20100,20850,267118,0.03990024937655856,0.03990024937655856,50.830847005999885,45.51957626144754,20180.0,21032.5,22765.833333333332,23018.771632984754,19046.228367015246,1
2022-01-05,20950,21100,20550,21000,221025,0.007194244604316502,0.007194244604316502,115.54485193822757,46.93447351596033,20400.0,20940.0,22697.5,22742.942040111087,19137.057959888913,1
2022-01-06,20600,21450,20550,20850,234332,-0.0071428571428571175,-0.0071428571428571175,147.66825154236983,45.65750186484873,20530.0,20865.0,22626.666666666668,22547.884428592744,19182.115571407256,0
2022-01-07,20850,21000,20700,20800,102990,-0.0023980815347721673,-0.0023980815347721673,163.72572998944884,45.215886893772456,20710.0,20770.0,22545.833333333332,22227.18907489726,19312.81092510274,0
2022-01-10,20800,21000,20200,20500,105781,-0.014423076923076872,-0.014423076923076872,152.5440607386006,42.556200552392426,20800.0,20670.0,22465.833333333332,21894.499897917485,19445.500102082515,0
2022-01-11,20500,20600,20100,20250,113849,-0.012195121951219523,-0.012195121951219523,127.7187874196095,40.42234829649619,20680.0,20582.5,22400.0,21655.00874122309,19509.99125877691,0
2022-01-12,20300,20450,20050,20350,149809,0.004938271604938205,0.004938271604938205,117.68843462523637,41.681995222844286,20550.0,20525.0,22336.666666666668,21514.69692330528,19535.30307669472,1
2022-01-13,20250,20600,20100,20350,122512,0.0,0.0,110.80705692810807,41.681995222844286,20450.0,20452.5,22285.833333333332,21252.17180768109,19652.82819231891,0
2022-01-14,20250,20300,19950,20100,111112,-0.012285012285012331,-0.012285012285012331,90.05316135484895,39.27439523835426,20310.0,20402.5,22230.0,21157.797954452373,19647.202045547627,0
2022-01-17,19950,20050,19400,19500,143309,-0.02985074626865669,-0.02985074626865669,39.1507621255098,34.17273536560808,20110.0,20345.0,22174.166666666668,21186.367933783993,19503.632066216007,0
2022-01-18,19300,19900,19300,19900,144857,0.02051282051282044,0.02051282051282044,35.748684069341266,39.78809749322532,20040.0,20277.5,22121.666666666668,21029.48071783786,19525.51928216214,1
2022-01-19,19500,19800,19350,19400,133355,-0.025125628140703515,-0.025125628140703515,4.779853725633757,35.68973829311152,19850.0,20230.0,22049.166666666668,21072.25886756979,19387.74113243021,0
2022-01-20,19300,19650,19250,19650,90935,0.012886597938144284,0.012886597938144284,6.00850797476221,39.06920651903998,19710.0,20212.5,22024.166666666668,21087.07132356369,19337.92867643631,1
2022-01-21,19350,20150,19350,19850,117443,0.010178117048346147,0.010178117048346147,24.148935915803236,41.70826923600348,19660.0,20180.0,21970.833333333332,21057.72433029964,19302.27566970036,1
2022-01-24,19600,19650,18900,19100,129967,-0.03778337531486142,-0.03778337531486142,-8.743436173434702,35.49894577063115,19580.0,20130.0,21920.833333333332,21126.19275243296,19133.80724756704,0
2022-01-25,19100,19200,17550,17550,315892,-0.08115183246073299,-0.08115183246073299,-122.93210914951396,26.66402067894272,19110.0,20002.5,21840.833333333332,21505.322344789947,18499.677655210053,0
2022-01-26,17450,17850,17150,17150,178459,-0.022792022792022748,-0.022792022792022748,-208.41926909147514,24.93905527163615,18660.0,19865.0,21752.5,21816.435369157778,17913.564630842222,0
2022-01-27,17100,17200,15750,15900,427456,-0.07288629737609331,-0.07288629737609331,-325.2054830912384,20.480197680123183,17910.0,19650.0,21648.333333333332,22247.113782644105,17052.886217355895,0
2022-01-28,15900,17450,15850,17450,252024,0.09748427672955984,0.09748427672955984,-276.0565437253274,35.806603696452726,17430.0,19527.5,21570.833333333332,22291.640915365926,16763.359084634074,1
2022-02-03,17750,18500,17600,18450,217164,0.057306590257879764,0.057306590257879764,-159.94965994034658,43.38765082487276,17300.0,19447.5,21502.5,22239.000492566673,16655.999507433327,1
2022-02-04,17950,19700,17900,19200,306667,0.04065040650406515,0.04065040650406515,-23.551206814887678,48.31744476915652,17630.0,19365.0,21436.666666666668,22082.370052090802,16647.629947909198,1
2022-02-07,19400,19550,18700,19150,199347,-0.0026041666666666297,-0.0026041666666666297,67.41492346967993,48.017246442983726,18030.0,19272.5,21353.333333333332,21884.86961397119,16660.13038602881,0
2022-02-08,19100,20150,19100,19700,233204,0.02872062663185382,0.02872062663185382,163.27330514738446,51.58092225287632,18790.0,19215.0,21285.833333333332,21734.940475487463,16695.059524512537,1
2022-02-09,19700,19800,19350,19600,125393,-0.005076142131979711,-0.005076142131979711,215.31938608293729,50.89770456875557,19220.0,19155.0,21213.333333333332,21576.342602772267,16733.657397227733,0
2022-02-10,19650,19750,19400,19450,63691,-0.007653061224489832,-0.007653061224489832,233.49478450750416,49.83147750329236,19420.0,19102.5,21136.666666666668,21449.301014146702,16755.698985853298,0
2022-02-11,19350,19350,18500,18550,112291,-0.046272493573264795,-0.046272493573264795,181.09248119123527,43.890499273401026,19290.0,19017.5,21049.166666666668,21314.514366520154,16720.485633479846,0
2022-02-14,18000,18200,17550,17850,129145,-0.037735849056603765,-0.037735849056603765,99.55124343929765,39.90550900280223,19030.0,18892.5,20923.333333333332,21157.7317762207,16627.2682237793,0
2022-02-15,18100,18450,17700,18100,88400,0.014005602240896309,0.014005602240896309,64.42069572735863,41.933242933196695,18710.0,18780.0,20795.0,20966.641260015,16593.358739985,1
2022-02-16,18400,19000,18400,18700,69652,0.03314917127071815,0.03314917127071815,82.41042530919844,46.591097123071506,18530.0,18710.0,20667.5,20811.094952637788,16608.905047362212,1
2022-02-17,19000,19450,18500,18750,117594,0.002673796791443861,0.002673796791443861,97.46431910778426,46.9728305576443,18390.0,18672.5,20562.5,20742.39734044952,16602.60265955048,1
2022-02-18,18550,19600,18400,19450,117594,0.03733333333333344,0.03733333333333344,151.14827850894613,52.1311931321501,18570.0,18650.0,20477.5,20675.339477717254,16624.660522282746,1
2022-02-21,19250,19650,19000,19600,77236,0.007712082262210762,0.007712082262210762,190.7864001801351,53.18219235495622,18920.0,18660.0,20398.333333333332,20701.959842896034,16618.040157103966,1
2022-02-22,19200,19700,19100,19450,82803,-0.007653061224489832,-0.007653061224489832,199.96282709494392,51.95375941225123,19190.0,18650.0,20318.333333333332,20674.351748091223,16625.648251908777,0
2022-02-23,19400,19600,19250,19450,60267,0.0,0.0,198.6823042567271,51.95375941225122,19340.0,18630.0,20235.0,20614.036289990683,16645.963710009317,0
2022-02-24,19200,19900,18900,19200,154236,-0.01285347043701801,-0.01285347043701801,174.5074419061221,49.733261959290594,19430.0,18635.0,20159.166666666668,20624.246088346034,16645.753911653966,0
2022-02-25,19500,20650,19450,20200,238122,0.05208333333333326,0.05208333333333326,216.624479330449,57.54893777240553,19580.0,18767.5,20118.333333333332,20802.5122849752,16732.4877150248,1
2022-02-28,20300,20800,20050,20400,146844,0.00990099009900991,0.00990099009900991,246.53628848814876,58.92450959088888,19740.0,18930.0,20095.0,20941.31797585563,16918.68202414437,1
2022-03-02,20450,21000,20250,20650,120305,0.01225490196078427,0.01225490196078427,269.85904768017497,60.64134875531516,19980.0,19167.5,20070.833333333332,20772.2663381315,17562.7336618685,1
2022-03-03,20650,20950,20450,20700,91960,0.002421307506053294,0.002421307506053294,274.4507043088862,60.992512371822905,20230.0,19330.0,20043.333333333332,20862.77526076068,17797.22473923932,1
2022-03-04,20700,20750,20000,20250,101359,-0.021739130434782594,-0.021739130434782594,234.5270059252166,56.13791952142669,20440.0,19420.0,20003.333333333332,20946.892268629315,17893.107731370685,0
2022-03-07,20150,20500,19950,20150,79302,-0.004938271604938316,-0.004938271604938316,190.59645951532184,55.08859421097173,20430.0,19467.5,19955.0,21022.90187732945,17912.09812267055,0
2022-03-08,19800,20150,19700,19700,88974,-0.022332506203473934,-0.022332506203473934,123.68682000161058,50.51293534602886,20290.0,19495.0,19902.5,21046.41870557241,17943.58129442759,0
2022-03-10,20200,20200,19700,19900,65406,0.010152284263959421,0.010152284263959421,87.08141817511057,52.40508159220455,20140.0,19505.0,19861.666666666668,21064.134375222344,17945.865624777656,1
2022-03-11,20000,20200,19600,19750,83922,-0.007537688442211032,-0.007537688442211032,48.85438258865207,50.83517688345212,19950.0,19512.5,19812.5,21074.829990750983,17950.170009249017,0
2022-03-14,19750,20850,19750,20600,269350,0.04303797468354431,0.04303797468354431,75.321177547856,58.43406122183747,20020.0,19570.0,19780.833333333332,21201.99264704225,17938.00735295775,1
2022-03-15,20600,20800,20150,20250,102029,-0.016990291262135915,-0.016990291262135915,64.19651025851508,54.6860110069803,20040.0,19655.0,19751.666666666668,21242.10428138795,18067.89571861205,0
2022-03-16,20600,20600,20200,20400,61372,0.007407407407407307,0.007407407407407307,61.855931217711316,55.98890593184798,20180.0,19782.5,19733.333333333332,21165.711842054556,18399.288157945444,1
2022-03-17,20650,20850,20400,20650,111479,0.01225490196078427,0.01225490196078427,71.38452973831303,58.14873376215263,20330.0,19910.0,19714.166666666668,21106.912695228835,18713.087304771165,1
2022-03-18,20550,20750,20450,20500,67992,-0.007263922518159771,-0.007263922518159771,62.16322862056609,56.361523594290325,20480.0,20000.0,19704.166666666668,21084.89630840922,18915.10369159078,0
2022-03-21,20600,20800,20100,20400,100953,-0.004878048780487809,-0.004878048780487809,44.72245011602516,55.14468644357925,20440.0,20082.5,19700.0,21014.84918351439,19150.15081648561,0
2022-03-22,20400,20500,20300,20400,38484,0.0,0.0,29.323971723434624,55.14468644357925,20470.0,20130.0,19685.833333333332,21024.650769853775,19235.349230146225,0
2022-03-23,20450,20650,20200,20600,90498,0.009803921568627416,0.009803921568627416,28.70947865754931,57.283836912707265,20510.0,20180.0,19690.0,21062.269800004484,19297.730199995516,1
2022-03-24,20500,20700,20150,20200,56966,-0.01941747572815533,-0.01941747572815533,-0.9625190768170171,51.94790639647605,20420.0,20217.5,19693.333333333332,21033.756699819332,19401.243300180668,0
2022-03-25,20500,20650,20150,20550,89828,0.017326732673267342,0.017326732673267342,0.5736989908265571,55.82533711223158,20430.0,20272.5,19694.166666666668,21019.811849230256,19525.188150769744,1
2022-03-28,20650,20700,20200,20250,100476,-0.014598540145985384,-0.014598540145985384,-19.892698027547766,51.955429765695314,20400.0,20325.0,19696.666666666668,20888.471383479184,19761.528616520816,0
2022-03-29,20500,20500,20100,20150,72749,-0.004938271604938316,-0.004938271604938316,-40.268153323318614,50.69392595223242,20350.0,20322.5,19697.5,20888.60511391432,19756.39488608568,0
2022-03-30,20300,20750,20100,20750,155440,0.02977667493796532,0.02977667493796532,-14.754349134544896,57.38047673532462,20380.0,20340.0,19711.666666666668,20935.48299723833,19744.51700276167,1
2022-03-31,20750,21550,20650,21450,321530,0.033734939759036076,0.033734939759036076,44.599872629249234,63.58506217705338,20630.0,20380.0,19732.5,21138.55125074048,19621.44874925952,1
2022-04-01,21500,21500,20950,21250,133857,-0.009324009324009341,-0.009324009324009341,64.5156165809313,60.85894066616159,20770.0,20407.5,19755.0,21246.114929511717,19568.885070488283,0
2022-04-04,21250,21350,21000,21200,75799,-0.0023529411764705577,-0.0023529411764705577,68.09367591540507,60.16446843429476,20960.0,20455.0,19774.166666666668,21357.718117686767,19552.281882313233,0
2022-04-05,20900,21450,20900,21400,96768,0.009433962264151052,0.009433962264151052,77.04323995565244,62.030872979882794,21210.0,20517.5,19783.333333333332,21496.925852221564,19538.074147778436,1
2022-04-06,21250,21300,20800,20800,100953,-0.028037383177570097,-0.028037383177570097,37.660679964462474,53.87568608104047,21220.0,20572.5,19780.0,21483.255181154593,19661.744818845407,0
2022-04-07,20700,20850,20200,20250,94404,-0.02644230769230771,-0.02644230769230771,-26.84597326618308,47.68670111675705,20980.0,20590.0,19770.0,21460.976463516632,19719.023536483368,0
2022-04-08,20300,21050,20250,20800,80348,0.02716049382716057,0.02716049382716057,-33.457758447324125,53.44598444980582,20890.0,20642.5,19770.0,21426.89467106804,19858.10532893196,1
2022-04-11,20950,21500,20650,21500,139416,0.033653846153846256,0.033653846153846256,6.213345331598589,59.549746791457245,20950.0,20687.5,19786.666666666668,21555.75975376032,19819.24024623968,1
2022-04-12,21200,21900,21050,21550,137024,0.0023255813953488857,0.0023255813953488857,31.31839949632149,59.95363411889214,20980.0,20752.5,19808.333333333332,21673.084053739763,19831.915946260237,1
2022-04-13,21600,22650,21350,22000,283968,0.02088167053364276,0.02088167053364276,71.43337209024139,63.48718605669714,21220.0,20832.5,19835.833333333332,21885.246408210416,19779.753591789584,1
2022-04-14,22200,22500,21900,22300,150869,0.013636363636363669,0.013636363636363669,109.11791693778503,65.66244593127686,21630.0,20915.0,19868.333333333332,22141.825170918793,19688.174829081207,1
2022-04-15,22300,22550,21850,22100,118749,-0.008968609865470878,-0.008968609865470878,111.14609693362604,62.969132010191274,21890.0,20995.0,19901.666666666668,22308.73513312232,19681.26486687768,0
2022-04-18,22150,22300,21400,21700,100867,-0.018099547511312264,-0.018099547511312264,77.70238047122268,57.85766565876868,21930.0,21060.0,19938.333333333332,22378.180564262697,19741.819435737303,0
2022-04-19,21700,21800,21300,21700,86711,0.0,0.0,49.128707478096544,57.85766565876868,21960.0,21125.0,19968.333333333332,22434.7709723459,19815.2290276541,0
2022-04-20,21800,22200,21550,22100,109991,0.018433179723502224,0.018433179723502224,50.52045380215918,61.48369858012836,21980.0,21200.0,20013.333333333332,22552.035502492417,19847.964497507583,1
2022-04-21,22300,22700,22000,22600,206241,0.02262443438914019,0.02262443438914019,76.88760683384771,65.48181802664261,22040.0,21320.0,20062.5,22720.85688062697,19919.14311937303,1
2022-04-22,22300,22650,22000,22550,102196,-0.0022123893805309214,-0.0022123893805309214,82.25169369581636,64.75790125792517,22130.0,21420.0,20107.5,22871.34420452211,19968.65579547789,0
2022-04-25,22150,22200,21350,21400,128570,-0.0509977827050998,-0.0509977827050998,3.7833728353987226,50.83717643309454,22070.0,21477.5,20145.833333333332,22826.37916434346,20128.62083565654,0
2022-04-26,21400,21700,20700,21250,144521,-0.007009345794392496,-0.007009345794392496,-59.30699729384747,49.347099084269544,21980.0,21532.5,20207.5,22742.985439813263,20322.014560186737,0
2022-04-27,20550,21500,20350,21250,117461,0.0,0.0,-99.74364215509058,49.34709908426955,21810.0,21557.5,20275.833333333332,22722.092203305478,20392.907796694522,0
2022-04-28,21550,22150,21150,22000,151351,0.03529411764705892,0.03529411764705892,-75.77103135214315,56.705732364674006,21690.0,21585.0,20377.5,22764.025020938872,20405.974979061128,1
2022-04-29,22200,22200,21700,21850,69020,-0.006818181818181834,-0.006818181818181834,-69.9478307132066,54.98523657333156,21550.0,21615.0,20450.833333333332,22788.92504019631,20441.07495980369,0
2022-05-02,22400,23100,22100,22900,266250,0.048054919908466776,0.048054919908466776,0.935031283933597,63.364588772388814,21850.0,21700.0,20525.0,22982.57553383803,20417.42446616197,1
2022-05-03,23150,24800,22900,24050,765227,0.05021834061135366,0.05021834061135366,115.25986710737288,69.96008401315981,22410.0,21832.5,20605.833333333332,23463.84147253109,20201.15852746891,1
2022-05-04,24150,24700,23900,24150,341635,0.004158004158004047,0.004158004158004047,183.54894614718864,70.45813194114609,22990.0,22000.0,20689.166666666668,23846.618531261913,20153.381468738087,1
2022-05-06,24000,24650,23700,24400,210962,0.010351966873705987,0.010351966873705987,228.55818272647207,71.72045226789626,23470.0,22207.5,20767.5,24151.021288795135,20263.978711204865,1
2022-05-09,24400,24400,23350,23400,188254,-0.040983606557377095,-0.040983606557377095,176.32359639818878,60.57127085953041,23780.0,22337.5,20830.833333333332,24234.30652677069,20440.69347322931,0
2022-05-10,23000,24900,22750,24650,415960,0.05341880341880345,0.05341880341880345,209.06455557319202,67.39444240564731,24130.0,22495.0,20917.5,24599.25758879465,20390.74241120535,1
2022-05-11,24600,24850,23900,23950,181542,-0.028397565922920864,-0.028397565922920864,168.4292603819531,61.02562951932664,24110.0,22615.0,21007.5,24763.27838047118,20466.72161952882,0
2022-05-12,23950,24700,23600,23850,314141,-0.0041753653444676075,-0.0041753653444676075,121.84003374523377,60.15111955254147,24050.0,22707.5,21107.5,24900.73391365351,20514.26608634649,0
2022-05-13,23850,24600,23850,24450,199860,0.02515723270440251,0.02515723270440251,118.35594906040978,63.52823003694892,24060.0,22815.0,21213.333333333332,25125.4328598771,20504.5671401229,1
2022-05-16,24450,24800,24150,24500,209710,0.002044989775051187,0.002044989775051187,106.70250149344531,63.803525374556486,24280.0,22935.0,21310.0,25332.10241750324,20537.89758249676,1
2022-05-17,24300,24800,23450,23600,269947,-0.03673469387755102,-0.03673469387755102,29.66957130530284,55.65951002353111,24070.0,23030.0,21390.833333333332,25373.80033279285,20686.19966720715,0
2022-05-18,23900,24250,23350,23450,227605,-0.006355932203389814,-0.006355932203389814,-36.508133578683555,54.41290393118191,23970.0,23117.5,21457.5,25385.599424628443,20849.400575371557,0
2022-05-19,22800,23000,21100,21450,774726,-0.08528784648187637,-0.08528784648187637,-210.39231754061052,41.17205500480388,23490.0,23085.0,21488.333333333332,25427.882839580303,20742.117160419697,0
2022-05-20,21700,21800,20550,21400,1302172,-0.002331002331002363,-0.002331002331002363,-317.74556861996086,40.904073281181134,22880.0,23025.0,21520.833333333332,25473.571011835244,20576.428988164756,0
2022-05-23,21650,22050,21400,22050,434181,0.030373831775700966,0.030373831775700966,-332.37431397588216,45.83938152498874,22390.0,23000.0,21564.166666666668,25477.498738647482,20522.501261352518,1
2022-05-24,21950,22400,21550,21700,257773,-0.015873015873015928,-0.015873015873015928,-351.1783880358399,43.72201391968782,22010.0,23015.0,21605.833333333332,25456.94594534766,20573.05405465234,0
2022-05-25,21850,22350,21300,21450,304196,-0.011520737327188946,-0.011520737327188946,-364.43156363926107,42.22180761881736,21610.0,23025.0,21626.666666666668,25439.435751889014,20610.564248110986,0
2022-05-26,21550,22500,21550,22150,314691,0.03263403263403264,0.03263403263403264,-312.05339638669165,47.639307646394535,21750.0,23070.0,21655.833333333332,25381.7958387366,20758.2041612634,1
2022-05-27,22300,22650,21750,21850,374778,-0.013544018058690765,-0.013544018058690765,-284.39095600597557,45.66320604541279,21840.0,23062.5,21675.833333333332,25389.058617357376,20735.941382642624,0
2022-05-30,22050,22600,21950,22100,204284,0.011441647597254079,0.011441647597254079,-237.9220656252808,47.61335529202406,21850.0,23075.0,21699.166666666668,25377.932912613796,20772.067087386204,1
2022-05-31,22100,22550,22100,22550,303006,0.020361990950226172,0.020361990950226172,-168.7958274682582,51.02090195118328,22020.0,23057.5,21737.5,25370.782300109495,20744.217699890505,1
2022-06-02,22350,22950,22300,22400,280607,-0.006651884700665134,-0.006651884700665134,-126.99799275660003,49.85675274770995,22210.0,22975.0,21775.0,25258.309002303427,20691.690997696573,0
2022-06-03,22600,24850,22550,24700,1466799,0.1026785714285714,0.1026785714285714,52.12254701924833,63.579192766549596,22720.0,23002.5,21858.333333333332,25353.983574256872,20651.016425743128,1
2022-06-07,24500,25250,23950,24350,609940,-0.014170040485829927,-0.014170040485829927,138.68889632395644,60.850179533765164,23220.0,23000.0,21932.5,25345.63424258768,20654.36575741232,0
2022-06-08,24400,24650,23950,24050,354559,-0.012320328542094416,-0.012320328542094416,165.58090418160882,58.53110221602833,23610.0,23032.5,22004.166666666668,25417.091159926553,20647.908840073447,0
2022-06-09,23900,24200,23300,23850,282531,-0.008316008316008316,-0.008316008316008316,159.6648414230837,56.972231778873834,23870.0,22992.5,22058.333333333332,25292.55978183174,20692.44021816826,0
2022-06-10,23450,23750,23000,23500,218628,-0.014675052410901501,-0.014675052410901501,123.5588873427941,54.24927952993556,24090.0,22970.0,22112.5,25240.770794245836,20699.229205754164,0
2022-06-13,22800,22950,22150,22350,321585,-0.04893617021276597,-0.04893617021276597,19.087481280779258,46.401863234000054,23620.0,22895.0,22145.0,25143.53285499676,20646.46714500324,0
2022-06-14,21750,22200,21000,21550,441320,-0.03579418344519014,-0.03579418344519014,-100.46482378255348,41.86495329528219,23060.0,22750.0,22160.0,24952.271554554496,20547.728445445504,0
2022-06-15,21550,21600,20600,20900,293578,-0.030162412993039456,-0.030162412993039456,-213.40078556411927,38.56557157483544,22430.0,22570.0,22166.666666666668,24759.155088156134,20380.844911843866,0
2022-06-16,21250,21450,20650,20650,196961,-0.011961722488038284,-0.011961722488038284,-290.25601273821513,37.346461968718124,21790.0,22422.5,22170.833333333332,24709.523174346927,20135.476825653073,0
2022-06-17,19950,20850,19600,20600,182771,-0.002421307506053294,-0.002421307506053294,-327.0425715253181,37.09390450381113,21210.0,22280.0,22174.166666666668,24646.938951472956,19913.061048527044,0
2022-06-20,20900,20900,19850,20150,180811,-0.021844660194174748,-0.021844660194174748,-361.56812238067175,34.812150655357684,20770.0,22215.0,22166.666666666668,24735.932367200654,19694.067632799346,0
2022-06-21,20200,21850,19800,21350,368563,0.05955334987593042,0.05955334987593042,-286.74339865303796,44.59889195922069,20730.0,22212.5,22185.833333333332,24736.757316519037,19688.242683480963,1
2022-06-22,22200,23300,22100,22200,1039833,0.03981264637002346,0.03981264637002346,-168.98511307187454,50.29165518268333,20990.0,22220.0,22213.333333333332,24743.172606065604,19696.827393934396,1
2022-06-23,22350,24150,21500,23000,1080898,0.03603603603603611,0.03603603603603611,-33.29571853475073,54.98045328407348,21460.0,22285.0,22259.166666666668,24818.19955787141,19751.80044212859,1
2022-06-24,23000,24000,22300,23700,500732,0.0304347826086957,0.0304347826086957,100.21360673073849,58.655343385276346,22080.0,22397.5,22318.333333333332,24971.888276853337,19823.111723146663,1
2022-06-27,23550,24150,22850,23150,368806,-0.02320675105485237,-0.02320675105485237,145.35724051465965,54.86573957368606,22680.0,22447.5,22358.333333333332,25039.50212191269,19855.49787808731,0
2022-06-28,23050,25800,23050,25800,1612961,0.11447084233261329,0.11447084233261329,336.63369258923706,66.19760810352177,23570.0,22645.0,22430.833333333332,25601.163053689677,19688.836946310323,1
2022-06-29,25500,26200,25500,25850,684595,0.0019379844961240345,0.0019379844961240345,442.7831542128156,66.36917815870041,24300.0,22832.5,22507.5,26087.231171694504,19577.768828305496,1
2022-06-30,25550,26150,24800,25350,557206,-0.01934235976789167,-0.01934235976789167,453.9032297496047,62.929385744757916,24770.0,22972.5,22576.666666666668,26402.729584153203,19542.270415846797,0
2022-07-01,25300,25600,24450,25000,418221,-0.013806706114398382,-0.013806706114398382,413.4159066745164,60.5631554384975,25030.0,23102.5,22636.666666666668,26631.731502749553,19573.268497250447,0
2022-07-04,25150,25650,24100,24550,553878,-0.018000000000000016,-0.018000000000000016,335.38045347016043,57.56606914446848,25310.0,23095.0,22699.166666666668,26611.23378062379,19578.76621937621,0
2022-07-05,24900,26550,23900,26500,965457,0.07942973523421593,0.07942973523421593,390.29930040183035,65.52719004307058,25450.0,23202.5,22803.333333333332,26986.872471097402,19418.127528902598,1
2022-07-06,26250,26600,23400,23400,1127096,-0.11698113207547167,-0.11698113207547167,202.50361686644203,49.59680088895376,24960.0,23170.0,22846.666666666668,26935.81996383256,19404.18003616744,0
2022-07-07,23700,24050,22500,23450,609183,0.002136752136752129,0.002136752136752129,72.98782216525365,49.80874720395589,24580.0,23150.0,22879.166666666668,26905.396117588643,19394.603882411357,1
2022-07-08,23600,24950,23600,23900,510087,0.019189765458422103,0.019189765458422103,12.150876205646796,51.77425124044815,24360.0,23170.0,22918.333333333332,26936.881999744597,19403.118000255403,1
2022-07-11,24000,24300,23200,23550,244870,-0.014644351464435101,-0.014644351464435101,-53.53215001653058,50.129942649772225,24160.0,23230.0,22944.166666666668,26980.91988717433,19479.08011282567,0
2022-07-12,23300,23600,22750,23050,241453,-0.02123142250530785,-0.02123142250530785,-128.260031666805,47.79468016798675,23470.0,23305.0,22956.666666666668,26977.723784876813,19632.276215123187,0
2022-07-13,22850,23050,21600,22050,608230,-0.04338394793926248,-0.04338394793926248,-236.35619578569464,43.436474309995866,23200.0,23362.5,22955.833333333332,26916.916267124583,19808.083732875417,0
2022-07-14,21800,22950,21600,22450,340469,0.018140589569161092,0.018140589569161092,-269.8169404364308,45.574321725806925,23000.0,23452.5,22968.333333333332,26813.52290977016,20091.47709022984,1
2022-07-15,22550,23600,22000,22900,343972,0.020044543429844186,0.020044543429844186,-250.9377319905413,47.95739012074855,22800.0,23567.5,22988.333333333332,26678.33188231056,20456.66811768944,1
2022-07-18,23150,24000,22900,23900,237815,0.04366812227074246,0.04366812227074246,-164.57088128981536,52.8935086958571,22870.0,23755.0,23018.333333333332,26442.54534845458,21067.45465154542,1
2022-07-19,23750,24650,23650,24300,264398,0.01673640167364021,0.01673640167364021,-78.34708486772124,54.74260996006824,23120.0,23902.5,23046.666666666668,26359.83086905281,21445.16913094719,1
2022-07-20,24400,24400,23500,23500,195718,-0.03292181069958844,-0.03292181069958844,-73.13557370936368,50.47512480809145,23410.0,23967.5,23062.5,26307.216863212263,21627.783136787737,0
2022-07-21,23650,23850,22850,23100,230561,-0.017021276595744705,-0.017021276595744705,-93.2804332187211,48.4417338579707,23540.0,23972.5,23090.833333333332,26304.339402703336,21640.660597296664,0
2022-07-22,23350,23700,23000,23300,137928,0.008658008658008587,0.008658008658008587,-89.75894453819092,49.53638696470921,23620.0,23952.5,23125.0,26300.15308340049,21604.84691659951,1
2022-07-25,23300,25000,23200,24600,540249,0.05579399141630903,0.05579399141630903,-1.1844405708121428,56.06586323162378,23760.0,24025.0,23180.833333333332,26358.559512847238,21691.440487152762,1
2022-07-26,24450,25350,23200,24000,771369,-0.024390243902439046,-0.024390243902439046,14.805562093325989,52.67802934593268,23700.0,23935.0,23214.166666666668,26122.029949497683,21747.970050502317,0
2022-07-27,24450,25200,23600,24000,614117,0.0,0.0,22.71963659391585,52.67802934593268,23800.0,23842.5,23250.0,25846.5646197166,21838.4353802834,0
2022-07-28,24350,25800,24050,25200,883673,0.050000000000000044,0.050000000000000044,101.68642084929712,58.49531134391596,24220.0,23835.0,23288.333333333332,25817.447981663034,21852.552018336966,1
2022-07-29,25850,27650,25200,27450,1499654,0.08928571428571419,0.08928571428571419,287.8248808285411,66.74899815949243,25050.0,23957.5,23345.0,26449.943580103638,21465.056419896362,1
2022-08-01,27450,28050,27150,27650,733699,0.007285974499089187,0.007285974499089187,399.8965632891795,67.37015040297433,25660.0,24112.5,23403.333333333332,27074.403948476356,21150.596051523644,1
2022-08-02,27450,28350,26950,27200,442125,-0.016274864376130238,-0.016274864376130238,417.27671508884663,64.45271183729383,26300.0,24147.5,23450.0,27235.2945203656,21059.7054796344,0
2022-08-03,27200,27900,26500,26750,430918,-0.016544117647058876,-0.016544117647058876,373.44389563324796,61.58084353861517,26850.0,24315.0,23505.833333333332,27580.746469032743,21049.253530967257,0
2022-08-04,26900,26950,26050,26400,338134,-0.013084112149532756,-0.013084112149532756,299.0723727170139,59.36522172210444,27090.0,24462.5,23535.0,27823.731173245873,21101.268826754127,0
2022-08-05,26400,27000,26250,26450,221480,0.0018939393939394478,0.0018939393939394478,234.3038793225645,59.5889069170913,26890.0,24590.0,23576.666666666668,28048.265461181345,21131.734538818655,1
2022-08-08,26650,28500,26050,28500,774557,0.07750472589792068,0.07750472589792068,306.05095193892225,67.49055145727714,27060.0,24837.5,23654.166666666668,28652.716245509528,21022.283754490472,1
2022-08-09,28300,28950,27700,27800,318049,-0.024561403508771895,-0.024561403508771895,283.40610895608745,62.96331343971034,27180.0,25075.0,23710.0,29005.203557069253,21144.796442930747,0
2022-08-10,27800,30050,27700,29800,853467,0.07194244604316546,0.07194244604316546,374.4470744971783,69.29979609260609,27790.0,25462.5,23798.333333333332,29643.513633079878,21281.486366920122,1
2022-08-11,29750,30600,29450,29900,508767,0.003355704697986628,0.003355704697986628,409.8645826300326,69.58003569743022,28490.0,25835.0,23903.333333333332,30199.527465831758,21470.472534168242,1
2022-08-12,30000,30650,29400,30650,326864,0.025083612040133874,0.025083612040133874,449.1090581544513,71.66884359258836,29330.0,26222.5,24023.333333333332,30844.455754872582,21600.544245127418,1
2022-08-16,30650,30650,29250,29800,428594,-0.027732463295269127,-0.027732463295269127,385.5630699466003,66.12692109314636,29590.0,26517.5,24162.5,31260.41840537024,21774.58159462976,0
2022-08-17,29450,30000,29250,29400,237245,-0.01342281879194629,-0.01342281879194629,288.7603686503385,63.63324594375936,29910.0,26772.5,24295.833333333332,31559.302168462757,21985.697831537243,0
2022-08-18,28950,30800,28850,30350,401792,0.03231292517006801,0.03231292517006801,261.6832643041587,66.83232452425162,30020.0,27115.0,24434.166666666668,31896.432839641246,22333.567160358754,1
2022-08-19,30200,31000,29850,30000,209667,-0.011532125205930832,-0.011532125205930832,196.16884781423323,64.57841302528782,30040.0,27460.0,24572.5,32023.616986557892,22896.383013442108,0
2022-08-22,29500,30550,29450,29900,201289,-0.0033333333333332993,-0.0033333333333332993,125.50435016630058,63.91517273840869,29890.0,27790.0,24713.333333333332,32046.829806322978,23533.170193677022,0
2022-08-23,29700,31450,29700,30800,453720,0.030100334448160515,0.030100334448160515,118.84784517314552,67.18197716817849,30090.0,28100.0,24857.5,32284.853641407273,23915.146358592727,1
2022-08-24,31150,33250,30800,33100,816861,0.07467532467532467,0.07467532467532467,241.73310599134925,73.72780856783928,30830.0,28555.0,25045.0,32835.52566865329,24274.474331346708,1
2022-08-25,33300,34100,31200,32100,719356,-0.030211480362537735,-0.030211480362537735,228.22153830428488,67.43035869182741,31180.0,28960.0,25211.666666666668,32963.823172918565,24956.176827081435,0
2022-08-26,32250,33950,31750,33000,413566,0.028037383177569986,0.028037383177569986,250.66077786405708,69.92053816393302,31780.0,29350.0,25385.833333333332,33332.33599787859,25367.664002121408,1
2022-08-29,31700,34250,31600,34150,491475,0.034848484848484906,0.034848484848484906,309.8400942446633,72.78394382927324,32630.0,29685.0,25581.666666666668,34077.7326347047,25292.2673652953,1
2022-08-30,34150,34300,32150,33400,820568,-0.02196193265007318,-0.02196193265007318,266.98535194659416,68.22263562872021,33150.0,29972.5,25726.666666666668,34543.8756135325,25401.124386467498,0
2022-08-31,33300,33400,31050,31950,719413,-0.04341317365269459,-0.04341317365269459,117.14327650725886,60.34835814748209,32920.0,30210.0,25853.333333333332,34672.801810522134,25747.198189477866,0
2022-09-01,32400,33500,31750,31850,708654,-0.003129890453834161,-0.003129890453834161,-6.014564528078836,59.83542907859682,32870.0,30465.0,25983.333333333332,34684.01647306569,26245.98352693431,0
2022-09-02,32350,32600,31150,31550,317237,-0.009419152276295084,-0.009419152276295084,-118.74093121711621,58.23627116761142,32580.0,30722.5,26111.666666666668,34525.8504966016,26919.1495033984,0
2022-09-05,31550,31750,30500,31200,316009,-0.011093502377179099,-0.011093502377179099,-221.93999805362387,56.344300471406086,31990.0,30960.0,26240.0,34221.073442901834,27698.926557098166,0
2022-09-06,31550,33150,31450,32500,459368,0.04166666666666674,0.04166666666666674,-207.9526808565413,61.36497465499333,31810.0,31160.0,26409.166666666668,34280.6730043373,28039.326995662694,1
2022-09-07,32500,33500,32150,32800,481082,0.009230769230769154,0.009230769230769154,-184.59214429863414,62.438534361412174,31980.0,31410.0,26596.666666666668,34197.22083803914,28622.779161960858,1
2022-09-08,33300,34450,32400,34000,602198,0.03658536585365857,0.03658536585365857,-98.72463309071145,66.45395462402428,32410.0,31620.0,26815.0,34520.93088507803,28719.069114921967,1
2022-09-13,33900,34000,31450,31850,730888,-0.06323529411764706,-0.06323529411764706,-191.74443834076556,55.090571463230475,32470.0,31717.5,27001.666666666668,34509.681047138525,28925.31895286147,0
2022-09-14,31000,32200,30900,31900,279301,0.0015698587127157548,0.0015698587127157548,-251.1752112645554,55.28207846527241,32610.0,31780.0,27190.0,34529.43630586337,29030.563694136632,1
2022-09-15,32000,33150,32000,32900,336337,0.03134796238244508,0.03134796238244508,-225.23831039180504,59.04375890444074,32690.0,31935.0,27402.5,34567.50830957845,29302.491690421546,1
2022-09-16,32300,32800,30900,32000,490098,-0.027355623100303927,-0.027355623100303927,-267.8944582156498,54.59271218534617,32530.0,32065.0,27580.0,34426.80016089414,29703.19983910586,0
2022-09-19,31700,32200,30300,30550,359905,-0.04531249999999998,-0.04531249999999998,-385.7964237794358,48.278076632127366,31840.0,32075.0,27719.166666666668,34409.20221917459,29740.797780825407,0
2022-09-20,30750,31250,30200,30950,227587,0.013093289689034338,0.013093289689034338,-425.7384081392049,49.99634900551321,31660.0,32122.5,27851.666666666668,34320.561646087204,29924.438353912796,1
2022-09-21,31150,31650,30450,31400,183460,0.01453957996768973,0.01453957996768973,-410.56153465391867,51.93107281535007,31560.0,32197.5,27980.0,34178.78115117456,30216.21884882544,1
2022-09-22,30900,33400,30900,33250,334597,0.05891719745222934,0.05891719745222934,-271.35234355750356,58.961098150156836,31630.0,32320.0,28148.333333333332,34242.60240299434,30397.397597005664,1
2022-09-23,32850,33800,31950,32000,248141,-0.03759398496240607,-0.03759398496240607,-258.9159654721409,53.29007098872375,31630.0,32265.0,28251.666666666668,34157.90781603321,30372.092183966797,0
2022-09-26,31350,31350,28750,28950,649102,-0.09531250000000002,-0.09531250000000002,-440.8719390871297,42.538877080871366,31310.0,32107.5,28303.333333333332,34489.993441753744,29725.006558246256,0
2022-09-27,29000,29500,28300,29250,369816,0.010362694300518172,0.010362694300518172,-520.3368298197656,43.74116160160777,30970.0,31920.0,28368.333333333332,34567.527148113804,29272.4728518862,1
2022-09-28,29550,30500,28800,29000,385617,-0.008547008547008517,-0.008547008547008517,-565.3103767134991,42.934952729309664,30490.0,31662.5,28435.0,34392.861697650995,28932.13830234901,0
2022-09-29,29650,31400,29650,30250,489225,0.0431034482758621,0.0431034482758621,-489.29287742838727,48.08708889237123,29890.0,31505.0,28530.0,34179.1166765868,28830.883323413203,1
2022-09-30,30000,32600,29900,31850,549757,0.05289256198347103,0.05289256198347103,-317.97411753232956,53.83281827977026,29860.0,31500.0,28619.166666666668,34171.14207783854,28828.857922161456,1
2022-10-04,32350,33350,31750,33300,415649,0.04552590266875978,0.04552590266875978,-104.75110850138356,58.333604818011494,30730.0,31572.5,28784.166666666668,34354.13171537851,28790.868284621487,1
2022-10-05,34200,34500,33200,33600,454445,0.009009009009008917,0.009009009009008917,50.40760517431431,59.219426521408394,31600.0,31675.0,28953.333333333332,34593.47562950243,28756.52437049757,1
2022-10-06,33700,35000,33600,34950,424712,0.0401785714285714,0.0401785714285714,227.93272513512073,63.028542189369794,32790.0,31862.5,29137.5,35099.300117399835,28625.69988260016,1
2022-10-07,34600,35750,32500,33000,569773,-0.05579399141630903,-0.05579399141630903,199.05271972651838,55.03249158424604,33340.0,31887.5,29295.0,35151.22103587295,28623.77896412705,0
2022-10-11,32300,33200,31650,32100,292365,-0.027272727272727226,-0.027272727272727226,108.8707836696733,51.76816484208682,33390.0,31852.5,29445.833333333332,35091.24589926404,28613.754100735965,0
2022-10-12,32100,33300,31750,33100,265296,0.031152647975077885,0.031152647975077885,105.9988939202268,54.96463261988303,33350.0,31807.5,29630.0,34949.1993809083,28665.8006190917,1
2022-10-13,33300,33500,32100,32100,215596,-0.030211480362537735,-0.030211480362537735,30.12487836987134,51.30308482504142,33050.0,31820.0,29790.833333333332,34964.26461990711,28675.73538009289,0
2022-10-14,33000,33650,32600,33300,214724,0.03738317757009346,0.03738317757009346,52.80218563213941,55.16304986308415,32720.0,31890.0,29964.166666666668,35099.92211743519,28680.077882564812,1
2022-10-17,32300,32850,30950,32200,343175,-0.033033033033033066,-0.033033033033033066,-10.84020278466619,51.15984972494541,32560.0,31855.0,30102.5,35035.23584031116,28674.764159688842,0
2022-10-18,32600,33650,31950,33600,241275,0.04347826086956519,0.04347826086956519,34.31900156121242,55.57833951562643,32860.0,31935.0,30257.5,35205.030580896695,28664.9694191033,1
2022-10-19,33600,33850,32000,32400,182262,-0.0357142857142857,-0.0357142857142857,-20.698529572747248,51.29475156014415,32720.0,32027.5,30405.833333333332,35239.738316190065,28815.261683809935,0
2022-10-20,32300,33050,32000,32400,128833,0.0,0.0,-58.99241514841924,51.29475156014415,32780.0,32100.0,30560.833333333332,35276.948221170685,28923.051778829315,0
2022-10-21,32450,32600,30500,30700,302110,-0.05246913580246915,-0.05246913580246915,-193.15238776245684,45.52933760129786,32260.0,32065.0,30684.166666666668,35287.12662693439,28842.87337306561,0
2022-10-24,31350,32150,31150,31950,323598,0.04071661237785018,0.04071661237785018,-191.66413741961009,49.9811517635989,32210.0,32000.0,30806.666666666668,35176.00377833522,28823.99622166478,1
2022-10-25,32050,32350,30200,31300,281990,-0.020344287949921713,-0.020344287949921713,-226.0489453270642,47.79372617514135,31750.0,31965.0,30928.333333333332,35155.62689764873,28774.373102351263,0
2022-10-26,31550,33550,30750,33100,738512,0.057507987220447365,0.057507987220447365,-124.24729509579515,53.82093201559495,31890.0,32172.5,31080.0,35078.95402509649,29266.045974903507,1
2022-10-27,33150,34400,32350,34400,572344,0.0392749244712991,0.0392749244712991,25.95113081165266,57.625886635266795,32290.0,32430.0,31233.333333333332,35162.47140881649,29697.52859118351,1
2022-10-28,34200,35400,33850,34350,340767,-0.0014534883720930258,-0.0014534883720930258,112.39707440404459,57.42988774123136,33020.0,32697.5,31348.333333333332,35056.413945017826,30338.58605498217,0
2022-10-31,34300,34950,33550,34350,187678,0.0,0.0,157.28726548664503,57.42988774123136,33500.0,32902.5,31460.0,35080.68158104405,30724.318418955947,0
2022-11-01,34500,37350,34450,37200,824562,0.08296943231441056,0.08296943231441056,355.2997503570957,65.24444607206942,34680.0,33170.0,31626.666666666668,35986.0965892525,30353.903410747498,1
2022-11-02,37050,37950,36550,36800,438763,-0.010752688172043001,-0.010752688172043001,430.6889734367496,63.48304914379318,35420.0,33345.0,31794.166666666668,36576.08340963207,30113.916590367935,0
2022-11-03,36050,38400,35900,38150,400439,0.036684782608695565,0.036684782608695565,535.9675683756759,66.74603767473627,36170.0,33572.5,31990.0,37424.44431423918,29720.555685760817,1
2022-11-04,38150,39600,38050,38400,433526,0.006553079947575258,0.006553079947575258,583.0403559284605,67.32825390655017,36980.0,33745.0,32189.166666666668,38103.88747273884,29386.11252726116,1
2022-11-07,38400,39300,37250,38200,294034,-0.00520833333333337,-0.00520833333333337,561.1164221118263,66.32776802982647,37750.0,34005.0,32350.833333333332,38757.672932150876,29252.327067849128,0
2022-11-08,38200,38450,37100,38100,286110,-0.002617801047120394,-0.002617801047120394,502.1988374213129,65.80126299568326,37930.0,34305.0,32522.5,39290.56917512931,29319.430824870688,0
2022-11-09,38350,39400,37450,38200,275592,0.002624671916010568,0.002624671916010568,434.8018262239948,66.09113421110953,38210.0,34560.0,32662.5,39788.72833488216,29331.27166511784,1
2022-11-10,37700,39650,37700,38400,277024,0.005235602094240788,0.005235602094240788,371.0139025296796,66.69908148538346,38260.0,34875.0,32804.166666666664,40230.51118008352,29519.48881991648,1
2022-11-11,39500,39550,37800,38400,311684,0.0,0.0,299.22280483141526,66.69908148538346,38260.0,35130.0,32933.333333333336,40644.56253931348,29615.437460686517,0
2022-11-14,38550,38550,37250,38150,290696,-0.00651041666666663,-0.00651041666666663,209.54247543204815,65.00938731760013,38250.0,35427.5,33072.5,40919.62845807521,29935.37154192479,0
2022-11-15,38450,40850,38200,40800,544783,0.06946264744429875,0.06946264744429875,297.9443486149071,72.8583890003857,38790.0,35787.5,33262.5,41682.40245890461,29892.597541095394,1
2022-11-16,41000,41850,40150,41800,295737,0.02450980392156854,0.02450980392156854,387.35230334372363,75.12589836405107,39510.0,36257.5,33453.333333333336,42486.566944575214,30028.433055424786,1
2022-11-17,42000,42800,41050,41300,232455,-0.011961722488038284,-0.011961722488038284,376.09458778885937,71.89184070589948,40090.0,36702.5,33641.666666666664,43036.41466630231,30368.585333697687,0
2022-11-18,41200,43500,39550,41400,1027802,0.002421307506053294,0.002421307506053294,339.76513101909677,72.15006490932842,40690.0,37237.5,33833.333333333336,43252.55403134499,31222.445968655014,1
2022-11-21,41800,43000,39850,40500,283845,-0.021739130434782594,-0.021739130434782594,225.03358545293804,66.25098757527627,41160.0,37665.0,33995.0,43320.713924872754,32009.286075127246,0
2022-11-22,40100,43650,40100,42650,413288,0.05308641975308648,0.05308641975308648,261.3065243165456,72.11615771593426,41530.0,38232.5,34154.166666666664,43482.8595115001,32982.1404884999,1
2022-11-23,43050,43850,41800,43550,207452,0.021101992966002348,0.021101992966002348,309.95701098645077,74.14198952487753,41880.0,38755.0,34345.0,43937.750235155036,33572.249764844964,1
2022-11-24,43100,44050,42900,43450,132095,-0.0022962112514350874,-0.0022962112514350874,299.29104738247133,73.50299377355843,42310.0,39207.5,34519.166666666664,44370.56837064934,34044.43162935066,0
2022-11-25,43750,44400,42600,43100,138057,-0.008055235903337121,-0.008055235903337121,235.3692485424608,71.1903559363319,42650.0,39645.0,34668.333333333336,44564.644296084785,34725.355703915215,0
2022-11-28,42800,43600,42200,42600,150171,-0.011600928074245953,-0.011600928074245953,131.30950653406262,67.90349471037129,43070.0,40057.5,34821.666666666664,44491.60362982188,35623.39637017812,0
2022-11-29,42250,43900,42250,42850,171375,0.005868544600938996,0.005868544600938996,55.11102991221878,68.68208281274428,43110.0,40340.0,35003.333333333336,44729.60134864199,35950.39865135801,1
2022-11-30,42850,43700,41300,42050,252226,-0.018669778296382722,-0.018669778296382722,-66.76425146474867,63.383486862321035,42810.0,40602.5,35173.333333333336,44734.26415106182,36470.73584893818,0
2022-12-01,42100,42150,39400,39700,700780,-0.05588585017835912,-0.05588585017835912,-309.6451751995919,50.94928304149196,42060.0,40680.0,35309.166666666664,44680.92489307155,36679.07510692845,0
2022-12-02,39300,39650,37250,38200,615471,-0.03778337531486142,-0.03778337531486142,-560.6871136975476,44.895181917458395,41080.0,40670.0,35425.833333333336,44694.5993589424,36645.4006410576,0
2022-12-05,38200,38400,37650,37950,246725,-0.00654450261780104,-0.00654450261780104,-722.6341857811567,43.95766388290298,40150.0,40657.5,35516.666666666664,44714.13345645124,36600.86654354876,0
2022-12-06,37600,38300,36450,37650,304341,-0.007905138339920903,-0.007905138339920903,-821.7926422347957,42.802574177956096,39110.0,40635.0,35597.5,44752.65710082804,36517.34289917196,0
2022-12-07,37400,38400,37000,38000,203553,0.009296148738379806,0.009296148738379806,-833.0438475456265,44.630600299282,38300.0,40625.0,35664.166666666664,44767.161271606834,36482.838728393166,1
2022-12-08,38250,39700,38000,39350,323962,0.03552631578947363,0.03552631578947363,-722.8903448588053,51.11977567269998,38230.0,40672.5,35789.166666666664,44732.48460588209,36612.51539411791,1
2022-12-09,39500,39750,38750,39350,222951,0.0,0.0,-626.9233846622076,51.11977567269998,38460.0,40720.0,35913.333333333336,44693.83945322399,36746.16054677601,0
2022-12-12,39250,41250,38850,41100,233475,0.044472681067344366,0.044472681067344366,-431.7692242027489,58.44207098410974,39090.0,40867.5,36050.0,44663.850220935834,37071.149779064166,1
2022-12-13,41150,42600,40500,41500,249072,0.009732360097323589,0.009732360097323589,-269.84650851611605,59.919982976395445,39860.0,40902.5,36208.333333333336,44708.61021910816,37096.38978089184,1
2022-12-14,41900,42650,40450,40950,276703,-0.013253012048192736,-0.013253012048192736,-197.25262078344895,56.92243903370095,40450.0,40860.0,36381.666666666664,44643.99260041554,37076.00739958446,0
2022-12-15,40950,42700,40600,41950,260163,0.024420024420024333,0.024420024420024333,-85.0868458357611,60.76555415376384,40970.0,40892.5,36565.0,44702.12924705273,37082.87075294727,1
2022-12-16,41500,42900,41150,42350,212009,0.009535160905840279,0.009535160905840279,7.905237957896816,62.21755549000857,41570.0,40940.0,36747.5,44797.14920634393,37082.85079365607,1
2022-12-19,42550,43100,41950,42350,128665,0.0,0.0,58.45974173429681,62.21755549000857,41820.0,41032.5,36899.166666666664,44931.50948960112,37133.49051039888,0
2022-12-20,42700,44350,41250,42300,560032,-0.0011806375442738881,-0.0011806375442738881,76.44091711562442,61.88553261497097,41980.0,41015.0,37070.833333333336,44887.86715496408,37142.13284503592,0
2022-12-21,42800,43900,42200,43050,243941,0.01773049645390068,0.01773049645390068,123.94306512481012,64.91041976776486,42400.0,40990.0,37305.833333333336,44803.082742348975,37176.917257651025,1
2022-12-22,43050,43200,40900,41350,309354,-0.03948896631823462,-0.03948896631823462,30.822478098828697,54.37623772770155,42280.0,40885.0,37507.5,44533.43802194851,37236.56197805149,0
2022-12-23,40500,41550,39700,41000,247014,-0.008464328899637219,-0.008464328899637219,-59.47258439420466,52.487607296187285,42010.0,40780.0,37707.5,44285.48142200177,37274.51857799823,0
2022-12-26,40350,41450,40300,41000,182322,0.0,0.0,-120.79151408201255,52.487607296187285,41740.0,40700.0,37886.666666666664,44107.3450074801,37292.6549925199,0
2022-12-27,41000,43200,41000,42800,271601,0.04390243902439028,0.04390243902439028,-45.58722230351509,60.641269840110596,41840.0,40697.5,38069.166666666664,44098.59908705988,37296.40091294012,1
2022-12-28,42800,44000,42300,43750,248275,0.02219626168224309,0.02219626168224309,57.10373480748069,64.1391299531027,41980.0,40782.5,38243.333333333336,44393.07820854217,37171.92179145783,1
2022-12-29,43650,44000,42200,42500,190241,-0.02857142857142858,-0.02857142857142858,31.11056022177661,56.96542087487502,42210.0,40922.5,38391.666666666664,44571.26348918364,37273.73651081636,0
2023-01-02,42050,43000,39600,40450,314158,-0.04823529411764704,-0.04823529411764704,-125.30176823593433,47.568805088009555,42100.0,41035.0,38483.333333333336,44473.76431294725,37596.23568705275,0
2023-01-03,41200,41200,39050,40250,183318,-0.0049443757725586845,-0.0049443757725586845,-236.91063684643552,46.75843950848854,41950.0,41150.0,38604.166666666664,44311.01249602079,37988.98750397921,0
2023-01-04,39800,39950,38200,38650,366524,-0.039751552795031064,-0.039751552795031064,-403.3916055757561,40.774081092819756,41120.0,41200.0,38713.333333333336,44163.44394244257,38236.55605755743,0
2023-01-05,38850,38850,36000,37500,627755,-0.02975420439844756,-0.02975420439844756,-565.900776347982,37.098881383330536,39870.0,41175.0,38786.666666666664,44252.255270529175,38097.744729470825,0
2023-01-06,37350,38250,36750,37200,325489,-0.008000000000000007,-0.008000000000000007,-661.8666852573921,36.18264986270822,38810.0,41067.5,38871.666666666664,44519.640640240425,37615.359359759575,0
2023-01-09,37400,37950,36950,37450,277233,0.006720430107526987,0.006720430107526987,-674.4856321099364,37.566426656677436,38210.0,40972.5,38940.833333333336,44701.90678928963,37243.09321071037,1
2023-01-10,37700,37700,36750,37300,257729,-0.004005340453938633,-0.004005340453938633,-658.1925881354607,37.0473631313836,37620.0,40782.5,39025.833333333336,44839.37995878601,36725.62004121399,0
2023-01-11,37500,38450,36150,38250,538052,0.025469168900804195,0.025469168900804195,-552.9325924706054,42.469104412199435,37540.0,40620.0,39103.333333333336,44807.17088258881,36432.82911741119,1
2023-01-12,38800,41600,38500,40150,697732,0.04967320261437913,0.04967320261437913,-335.5407121173564,51.471120883555706,38070.0,40580.0,39232.5,44769.081044811566,36390.918955188434,1
2023-01-13,40300,40950,39650,40300,287057,0.0037359900373599153,0.0037359900373599153,-170.1789269132778,52.108241695820624,38690.0,40497.5,39364.166666666664,44640.14106579361,36354.85893420639,1
2023-01-16,40300,40650,38500,38500,303720,-0.04466501240694787,-0.04466501240694787,-170.15370763240423,44.54978582986468,38900.0,40305.0,39494.166666666664,44443.224256852154,36166.775743147846,0
2023-01-17,38950,40100,38450,39100,398281,0.01558441558441559,0.01558441558441559,-120.20935892635197,47.294193080472894,39260.0,40142.5,39613.333333333336,44201.22824909473,36083.77175090527,1
2023-01-18,39200,39400,37050,37150,336099,-0.04987212276214836,-0.04987212276214836,-204.05589356933973,40.31123440744411,39040.0,39885.0,39710.833333333336,44016.35570969138,35753.64429030862,0
2023-01-19,37150,37650,36900,37100,166304,-0.0013458950201884479,-0.0013458950201884479,-245.64594212829172,40.14754869928631,38430.0,39587.5,39777.5,43620.10151763097,35554.89848236903,0
2023-01-20,37100,37100,36300,36500,242928,-0.016172506738544423,-0.016172506738544423,-293.1100630927184,38.1458535757553,37670.0,39345.0,39812.5,43505.75714263637,35184.24285736363,0
2023-01-25,36600,36650,35700,36200,344285,-0.008219178082191747,-0.008219178082191747,-321.95443492035906,37.1485319392722,37210.0,39105.0,39843.333333333336,43407.5457580367,34802.4542419633,0
2023-01-26,36200,36700,35850,36700,244139,0.013812154696132506,0.013812154696132506,-285.828308743275,39.96574976505189,36730.0,38890.0,39882.5,43221.92797724057,34558.07202275943,1
2023-01-27,36800,39300,36800,38800,592417,0.05722070844686655,0.05722070844686655,-108.11400169332285,50.08542069383585,37060.0,38690.0,39909.166666666664,42633.298111986915,34746.701888013085,1
2023-01-30,38850,39500,38250,38350,194086,-0.011597938144329856,-0.011597938144329856,-13.459672581645009,48.21006804546589,37310.0,38420.0,39935.0,41607.53823506473,35232.46176493527,0
2023-01-31,38000,40300,38000,40050,314654,0.04432855280312897,0.04432855280312897,161.41098968100823,55.05643577417332,38020.0,38297.5,39966.666666666664,40999.80919770473,35595.19080229527,1
2023-02-01,40100,40300,38700,39550,296089,-0.012484394506866447,-0.012484394506866447,236.62593774375603,52.843776731561135,38690.0,38252.5,39985.833333333336,40837.3549282309,35667.6450717691,0
2023-02-02,39500,41950,38850,40350,657144,0.020227560050568805,0.020227560050568805,327.85936752009707,55.897793311592615,39420.0,38257.5,40021.666666666664,40858.12973143037,35656.87026856963,1
2023-02-03,41100,41700,38550,38650,552750,-0.042131350681536506,-0.042131350681536506,264.0588467981257,48.682574154352906,39390.0,38257.5,40030.833333333336,40858.12973143037,35656.87026856963,0
2023-02-06,38550,39850,38450,39050,231617,0.010349288486416475,0.010349288486416475,239.84582862378204,50.30789103401915,39530.0,38335.0,40045.0,40933.09545629093,35736.90454370907,1
2023-02-07,39250,39650,38700,38750,197771,-0.007682458386683688,-0.007682458386683688,196.49575470010325,49.05306004911013,39270.0,38412.5,40050.833333333336,40962.5735283516,35862.4264716484,0
2023-02-08,39600,39950,39000,39200,225212,0.011612903225806548,0.011612903225806548,190.83882177809727,51.026335297336075,39200.0,38500.0,40064.166666666664,41031.99526065899,35968.00473934101,1
2023-02-09,39200,39650,38600,39100,146301,-0.0025510204081632404,-0.0025510204081632404,173.56908979257693,50.55770636543426,38950.0,38590.0,40080.0,41072.45845886685,36107.54154113315,0
2023-02-10,39600,39600,38100,38500,207512,-0.01534526854219953,-0.01534526854219953,117.62155724502153,47.72552311592167,38920.0,38602.5,40041.666666666664,41080.49818401862,36124.50181598138,0
2023-02-13,38500,39600,38500,39450,203012,0.024675324675324628,0.024675324675324628,139.0136863197881,52.28338012984359,39000.0,38567.5,40002.5,40975.87600884903,36159.12399115097,1
2023-02-14,39400,39650,38900,39300,148774,-0.0038022813688213253,-0.0038022813688213253,137.24313571614073,51.51955240227586,39110.0,38517.5,39969.166666666664,40819.08097837108,36215.91902162892,0
2023-02-15,39400,39650,37650,38150,161242,-0.029262086513994867,-0.029262086513994867,56.91701272869278,45.974108188787326,38900.0,38500.0,39915.0,40807.16275975484,36192.83724024516,0
2023-02-16,38200,38950,38200,38400,105413,0.006553079947575258,0.006553079947575258,20.779610904626566,47.30206726012921,38760.0,38465.0,39880.0,40755.873195966895,36174.126804033105,1
2023-02-17,37900,39050,37750,38650,80236,0.006510416666666741,0.006510416666666741,14.18586480928488,48.661051432751925,38790.0,38540.0,39813.333333333336,40750.565538499046,36329.434461500954,1
2023-02-20,38750,39100,37500,38600,151088,-0.001293661060802087,-0.001293661060802087,7.277533234256481,48.39226247330478,38620.0,38615.0,39730.833333333336,40724.5260131128,36505.4739868872,0
2023-02-21,38600,39150,38150,38300,150675,-0.007772020725388629,-0.007772020725388629,-15.436831193022016,46.72458773816895,38420.0,38705.0,39645.0,40587.259280757986,36822.740719242014,0
2023-02-22,37950,40300,37950,40200,370571,0.04960835509138373,0.04960835509138373,93.56665777833044,56.863613257157624,38830.0,38905.0,39596.666666666664,40509.64949443783,37300.35050556217,1
2023-02-23,40450,41350,39950,40200,293711,0.0,0.0,157.94738385624663,56.863613257157624,39190.0,39080.0,39556.666666666664,40427.367804276015,37732.632195723985,0
2023-02-24,41000,41450,39800,39950,148935,-0.006218905472636815,-0.006218905472636815,174.67007260232816,55.25879239548968,39450.0,39137.5,39508.333333333336,40529.57578816657,37745.42421183343,0
2023-02-27,39800,41400,39750,41300,274383,0.03379224030037542,0.03379224030037542,262.3551495421168,61.56661147348096,39990.0,39285.0,39495.833333333336,40916.59431232141,37653.40568767859,1
2023-02-28,41650,42900,41300,42050,303903,0.018159806295399594,0.018159806295399594,351.0329212604882,64.55627976036558,40740.0,39385.0,39535.0,41393.50690812842,37376.49309187158,1
2023-03-02,42400,45600,42250,45200,614676,0.07491082045184294,0.07491082045184294,588.0465776360272,73.78117632149,41740.0,39667.5,39651.666666666664,42903.58946106247,36431.41053893753,1
2023-03-03,45350,45900,44350,44900,285011,-0.006637168141592875,-0.006637168141592875,684.098427986364,71.8628519770729,42680.0,39895.0,39767.5,43850.742660992946,35939.257339007054,0
2023-03-06,44800,44800,41750,42100,425468,-0.062360801781737196,-0.062360801781737196,525.6595942501631,56.97363518289536,43110.0,40067.5,39841.666666666664,44091.33834168317,36043.66165831683,0
2023-03-07,42100,42450,41200,42050,237885,-0.001187648456057011,-0.001187648456057011,390.3170464578525,56.747529737285284,43260.0,40217.5,39909.166666666664,44301.64923821346,36133.35076178654,0
2023-03-08,41500,42550,41400,42050,166708,0.0,0.0,278.8469549329733,56.747529737285284,43260.0,40382.5,39954.166666666664,44482.777429638096,36282.222570361904,0
2023-03-09,42000,42450,41300,41350,129425,-0.01664684898929847,-0.01664684898929847,142.87518961591297,53.312254470086565,42490.0,40490.0,39987.5,44573.33197278884,36406.66802721116,0
2023-03-10,40650,42050,40300,40350,152839,-0.024183796856106388,-0.024183796856106388,-20.796826140282064,48.77016724759959,41580.0,40552.5,39975.0,44586.78742159004,36518.21257840996,0
2023-03-13,40000,40500,39100,39850,144214,-0.012391573729863659,-0.012391573729863659,-161.29463262520449,46.63093831536808,41130.0,40620.0,39947.5,44558.705371057804,36681.294628942196,0
2023-03-14,40300,40450,38600,39500,175042,-0.008782936010037656,-0.008782936010037656,-269.9618938534277,45.13837866234044,40620.0,40622.5,39923.333333333336,44558.29407489767,36686.70592510233,0
2023-03-15,39950,41500,39750,41200,165334,0.04303797468354431,0.04303797468354431,-221.5403599871919,53.006342432265775,40450.0,40717.5,39910.833333333336,44612.53209229392,36822.46790770608,1
2023-03-16,40750,40950,39900,40000,132737,-0.029126213592232997,-0.029126213592232997,-261.76323926729856,47.795610465721694,40180.0,40810.0,39871.666666666664,44541.16603758123,37078.83396241877,0
2023-03-17,40850,40900,39050,39100,209896,-0.022499999999999964,-0.022499999999999964,-335.69625906600413,44.279822206599825,39930.0,40845.0,39817.5,44497.38278388227,37192.61721611773,0
2023-03-20,38900,40100,38800,39650,115769,0.01406649616368294,0.01406649616368294,-333.58171858704884,46.85270909584625,39890.0,40895.0,39773.333333333336,44451.95094146652,37338.04905853348,1
2023-03-21,39900,40100,38950,39400,140302,-0.006305170239596425,-0.006305170239596425,-334.20671915898106,45.817095467477095,39870.0,40935.0,39712.5,44404.74062431179,37465.25937568821,0
2023-03-22,39700,39700,38600,38850,193985,-0.013959390862944177,-0.013959390862944177,-354.8996218543964,43.537120316695216,39400.0,40962.5,39670.833333333336,44356.152162493905,37568.847837506095,0
2023-03-23,38550,39250,37400,37550,350725,-0.03346203346203347,-0.03346203346203347,-434.14030050447195,38.642358823644145,38910.0,40830.0,39613.333333333336,44525.862551556755,37134.137448443245,0
2023-03-24,37700,38200,37350,38150,175104,0.015978695073235683,0.015978695073235683,-423.6806087342162,41.889626454007875,38720.0,40727.5,39565.833333333336,44597.186679823004,36857.813320176996,1
2023-03-27,38550,38900,37750,38050,198267,-0.002621231979030192,-0.002621231979030192,-401.25348775913346,41.49545659791152,38400.0,40632.5,39486.666666666664,44663.78701533389,36601.21298466611,0
2023-03-28,38050,39600,38050,38900,172703,0.02233902759526929,0.02233902759526929,-310.9597622560702,46.135117564676285,38300.0,40512.5,39405.833333333336,44599.659771773004,36425.340228226996,1
2023-03-29,38900,38950,37400,37600,304372,-0.033419023136246784,-0.033419023136246784,-319.36114713276163,40.80519152173761,38050.0,40290.0,39324.166666666664,44500.77190073264,36079.22809926736,0
2023-03-30,37800,37900,36900,37650,244822,0.0013297872340425343,0.0013297872340425343,-302.30056586731325,41.08710203555134,38070.0,39912.5,39277.5,43618.28938959024,36206.71061040976,1
2023-03-31,37400,38150,37150,37900,214783,0.006640106241699861,0.006640106241699861,-256.7227244631733,42.56007972729889,38020.0,39562.5,39238.333333333336,42575.451211022104,36549.548788977896,1
2023-04-03,38400,40000,37950,38750,270238,0.02242744063324542,0.02242744063324542,-156.7843613261365,47.37756426924019,38160.0,39395.0,39240.0,42189.6198310324,36600.3801689676,1
2023-04-04,39350,39750,38300,38600,151030,-0.003870967741935516,-0.003870967741935516,-91.47313098516958,46.63425666341887,38100.0,39222.5,39258.333333333336,41753.7990735983,36691.2009264017,0
2023-04-05,39100,40250,39100,40050,346308,0.03756476683937815,0.03756476683937815,51.027508618974366,54.126607905258425,38590.0,39122.5,39305.833333333336,41337.33069330357,36907.66930669643,1
2023-04-06,39550,40100,38800,39050,187837,-0.024968789013732784,-0.024968789013732784,77.96927717550022,49.01559981399548,38870.0,39007.5,39332.5,40972.51272260502,37042.48727739498,0
2023-04-07,39300,39350,37700,38200,207414,-0.0217669654289373,-0.0217669654289373,40.46359389825989,45.11591806461942,38930.0,38900.0,39347.5,40793.40962287604,37006.59037712396,0
2023-04-10,38350,38350,37400,38000,171752,-0.005235602094240788,-0.005235602094240788,5.918863024864379,44.224354925701135,38780.0,38807.5,39343.333333333336,40686.93475545164,36928.06524454836,0
2023-04-11,38250,38700,37350,38550,133714,0.014473684210526416,0.014473684210526416,22.890649207026513,47.30813402753775,38770.0,38760.0,39316.666666666664,40614.88544120643,36905.11455879357,1
2023-04-12,38750,41250,38550,40900,589476,0.06095979247730221,0.06095979247730221,186.0819236145494,57.99459083439482,38940.0,38745.0,39326.666666666664,40524.016582272234,36965.983417727766,1
2023-04-13,40800,45850,40200,45500,1372901,0.1124694376528117,0.1124694376528117,575.5316094795959,70.57472635011835,40230.0,39020.0,39443.333333333336,42436.63577221798,35603.36422778202,1
2023-04-14,45550,48250,44950,47550,747933,0.04505494505494512,0.04505494505494512,922.3332925331223,74.27263457003562,42100.0,39442.5,39584.166666666664,44493.26974331632,34391.73025668368,1
2023-04-17,47800,50800,47800,50000,681923,0.05152471083070442,0.05152471083070442,1247.6489977497629,77.85456211247097,44500.0,39960.0,39798.333333333336,46795.39318547219,33124.60681452781,1
2023-04-18,49950,50900,49250,50700,370554,0.014000000000000012,0.014000000000000012,1427.9195653644047,78.76427673868575,46930.0,40525.0,40025.0,48798.60260104385,32251.39739895615,1
2023-04-19,50300,51100,49100,50100,255593,-0.011834319526627168,-0.011834319526627168,1421.6110891931799,75.8867156255538,48770.0,41087.5,40251.666666666664,50304.97660696785,31870.02339303215,0
2023-04-20,50000,50000,47500,48350,389485,-0.03493013972055892,-0.03493013972055892,1222.0587311339254,68.0748713482999,49340.0,41627.5,40454.166666666664,51210.895796897865,32044.104203102135,0
2023-04-21,48050,51900,46250,51000,594615,0.054808686659772565,0.054808686659772565,1189.8581177698793,72.66386484346647,50030.0,42270.0,40692.5,52533.547145115066,32006.452854884934,1
2023-04-24,51800,53700,47200,50500,683541,-0.009803921568627416,-0.009803921568627416,1060.500776840682,70.60176745062797,50130.0,42892.5,40887.5,53559.04934831314,32225.950651686853,0
2023-04-25,51400,54800,50800,53000,908011,0.04950495049504955,0.04950495049504955,1066.064502541938,74.49858168359373,50590.0,43597.5,41131.666666666664,54956.70221670517,32238.29778329483,1
2023-04-26,52500,53600,50800,51500,307069,-0.028301886792452824,-0.028301886792452824,898.2020473422263,68.62121459935305,50870.0,44292.5,41322.5,55798.8145707042,32786.1854292958,0
2023-04-27,51600,52000,49150,51400,313356,-0.001941747572815511,-0.001941747572815511,717.7365942496072,68.2347286543654,51480.0,44980.0,41520.0,56459.695117902724,33500.304882097276,0
2023-04-28,50800,52400,49500,50600,343105,-0.015564202334630295,-0.015564202334630295,492.52389194065154,65.0769813430467,51400.0,45615.0,41690.833333333336,56860.536892474265,34369.463107525735,0
2023-05-02,50600,53600,49950,52900,315850,0.045454545454545414,0.045454545454545414,447.7826989802388,69.45373896127188,51880.0,46322.5,41928.333333333336,57531.80305594418,35113.19694405582,1
2023-05-03,52000,53400,51100,51600,227329,-0.02457466918714557,-0.02457466918714557,287.7387819399628,64.53097358422505,51600.0,46972.5,42137.5,57816.92137691079,36128.07862308921,0
2023-05-04,51500,53200,50900,51900,195922,0.005813953488372103,0.005813953488372103,165.2675650433257,65.14493626540622,51680.0,47565.0,42356.666666666664,58122.89278217958,37007.10721782042,1
2023-05-08,51800,52200,49000,49200,414477,-0.052023121387283267,-0.052023121387283267,-119.06333740753826,55.78565616618211,51240.0,48072.5,42523.333333333336,57894.54026666556,38250.45973333444,0
2023-05-09,49150,49900,48550,49000,219730,-0.004065040650406471,-0.004065040650406471,-330.12413030543667,55.15355555356004,50920.0,48612.5,42688.333333333336,57329.43036567344,39895.56963432656,0
2023-05-10,49000,50400,48150,49200,222171,0.004081632653061273,0.004081632653061273,-457.9169972910395,55.694196538380794,50180.0,49172.5,42866.666666666664,56402.60892034136,41942.39107965864,1
2023-05-11,49200,49650,48200,48600,170739,-0.012195121951219523,-0.012195121951219523,-576.8304738177403,53.606328942705275,49580.0,49675.0,43019.166666666664,55038.06815172059,44311.93184827941,0
2023-05-12,48000,48850,46600,47400,375438,-0.024691358024691357,-0.024691358024691357,-720.9207644524058,49.60134189569363,48680.0,50000.0,43154.166666666664,53738.3151285037,46261.6848714963,0
2023-05-15,47000,49000,46800,47600,174892,0.00421940928270037,0.00421940928270037,-782.2500896868291,50.26822913262819,48360.0,50105.0,43311.666666666664,53426.58094888559,46783.41905111441,1
2023-05-16,48050,48050,46200,47250,159950,-0.007352941176470562,-0.007352941176470562,-821.8082694964189,49.04515638786694,48010.0,50090.0,43459.166666666664,53459.955489320244,46720.044510679756,0
2023-05-17,46800,47550,46250,47300,132555,0.0010582010582009804,0.0010582010582009804,-818.2468791705041,49.235180273336304,47630.0,49955.0,43603.333333333336,53538.14108011388,46371.85891988612,1
2023-05-18,47450,48100,46850,47500,174145,0.0042283298097252064,0.0042283298097252064,-776.4080718897583,50.03779839875529,47410.0,49795.0,43751.666666666664,53513.99179886158,46076.00820113842,1
2023-05-19,47950,47950,45100,45600,590293,-0.040000000000000036,-0.040000000000000036,-845.0184836015728,43.07091555915218,47050.0,49570.0,43873.333333333336,53708.76793260986,45431.23206739014,0
2023-05-22,45500,48800,45500,48400,315112,0.06140350877192979,0.06140350877192979,-677.3906668689019,53.3738120739803,47210.0,49572.5,44010.0,53708.37656972493,45436.62343027507,1
2023-05-23,48750,49350,47950,48150,179027,-0.005165289256198302,-0.005165289256198302,-563.5805966792516,52.46090292365887,47390.0,49430.0,44142.5,53555.6999406161,45304.3000593839,0
2023-05-24,48750,50800,48350,50100,280448,0.04049844236760114,0.04049844236760114,-347.78518476199633,58.43300537384612,47950.0,49410.0,44311.666666666664,53518.60073504346,45301.39926495654,1
2023-05-25,50100,50500,48700,48950,212522,-0.022954091816367317,-0.022954091816367317,-276.4217735609619,54.115380110343835,48240.0,49207.5,44439.166666666664,52973.30336714487,45441.69663285513,0
2023-05-26,49400,50200,48150,48250,149201,-0.01430030643513791,-0.01430030643513791,-269.9785603793557,51.61532121457494,48770.0,49045.0,44542.5,52679.267464015225,45410.732535984775,0
2023-05-30,48300,48600,46800,48100,196698,-0.0031088082901554737,-0.0031088082901554737,-268.84878263510655,51.070843064692134,48710.0,48880.0,44590.833333333336,52368.323379504785,45391.676620495215,0
2023-05-31,48800,50200,48200,48900,209669,0.016632016632016633,0.016632016632016633,-209.8690467159454,53.86600089610921,48860.0,48795.0,44657.5,52193.22012235812,45396.77987764188,1
2023-06-01,48400,49150,47300,47800,192797,-0.02249488752556239,-0.02249488752556239,-238.49712021289633,49.66478906514189,48400.0,48540.0,44752.5,51388.78921649175,45691.21078350825,0
2023-06-02,48550,52500,48550,52400,687331,0.09623430962343105,0.09623430962343105,43.768926452448,62.7490016647866,49090.0,48580.0,44925.0,51615.85243383134,45544.14756616866,1
2023-06-05,52500,53900,51800,52400,353200,0.0,0.0,212.43952022862152,62.74900166478659,49920.0,48605.0,45097.5,51755.857026270736,45454.142973729264,0
2023-06-07,53100,53100,51600,52500,175521,0.001908396946564972,0.001908396946564972,306.96626734587187,62.9915443585803,50800.0,48770.0,45283.333333333336,52345.248243129376,45194.751756870624,1
2023-06-08,52500,55000,52400,53200,338346,0.01333333333333342,0.01333333333333342,387.6567995748237,64.72305046505274,51660.0,48980.0,45497.5,53044.529493065544,44915.470506934456,1
2023-06-09,53300,54600,52500,54100,211563,0.016917293233082775,0.016917293233082775,467.3251138319704,66.86931214047604,52920.0,49225.0,45735.0,53863.26476174007,44586.73523825993,1
2023-06-12,54100,54200,51700,52400,265097,-0.031423290203327126,-0.031423290203327126,375.1853225985383,59.50493943539093,52920.0,49415.0,45950.0,54242.74274376749,44587.25725623251,0
2023-06-13,52400,54100,51900,53200,173466,0.01526717557251911,0.01526717557251911,338.8786957317486,61.645609512336925,53080.0,49705.0,46150.0,54707.389429062845,44702.610570937155,1
2023-06-14,53800,54700,51700,52400,213985,-0.015037593984962405,-0.015037593984962405,236.5898327920927,58.325222017609235,53060.0,49945.0,46356.666666666664,54980.86139602747,44909.13860397253,0
2023-06-15,52400,54500,52000,53200,210179,0.01526717557251911,0.01526717557251911,199.8757598120469,60.610066024353166,53060.0,50242.5,46591.666666666664,55309.28152282094,45175.71847717906,1
2023-06-16,53800,56500,53400,56000,504523,0.05263157894736836,0.05263157894736836,333.3670775046544,67.35596486421971,53440.0,50677.5,46864.166666666664,56137.67170059694,45217.32829940306,1
2023-06-19,56000,58100,54800,57900,345665,0.03392857142857153,0.03392857142857153,508.34629274835356,70.98697778981813,54540.0,51197.5,47172.5,57292.20877072889,45102.79122927111,1
2023-06-20,58000,59500,56700,57500,276325,-0.006908462867012077,-0.006908462867012077,552.2173680107321,69.24084451580558,55400.0,51792.5,47483.333333333336,57908.64870649821,45676.35129350179,0
2023-06-21,57800,58700,56200,58300,251213,0.013913043478260834,0.013913043478260834,586.9351883582265,70.78847613358664,56580.0,52287.5,47829.166666666664,58813.974929086886,45761.025070913114,1
2023-06-22,57100,58100,56100,57200,149826,-0.018867924528301883,-0.018867924528301883,491.5046550693737,65.88013174628438,57380.0,52740.0,48146.666666666664,59311.04253524505,46168.95746475495,0
2023-06-23,57200,57700,55700,56900,105626,-0.005244755244755206,-0.005244755244755206,369.43617388440794,64.56525635871026,57560.0,53080.0,48460.833333333336,59772.040047698436,46387.959952301564,0
2023-06-26,56600,59400,55800,57200,219099,0.005272407732864748,0.005272407732864748,274.5191530343486,65.31086056019522,57420.0,53492.5,48765.833333333336,60132.24961877326,46852.75038122674,1
2023-06-27,57400,59200,56000,59000,194472,0.03146853146853146,0.03146853146853146,296.6966596341267,69.46274267452355,57720.0,54030.0,49122.5,60625.48330298847,47434.51669701153,1
2023-06-28,59800,59800,57700,57900,225120,-0.01864406779661021,-0.01864406779661021,205.35670922485042,64.39073682167903,57640.0,54520.0,49460.0,60725.03021749287,48314.96978250713,0
2023-06-29,58400,61000,56900,60500,413798,0.04490500863557867,0.04490500863557867,283.3117137390959,69.97185988562619,58300.0,55100.0,49836.666666666664,61263.76508312895,48936.23491687105,1
2023-06-30,61100,65900,59600,65100,784235,0.0760330578512396,0.0760330578512396,590.2805889915803,76.87699341639751,59940.0,55965.0,50275.833333333336,62623.91132243099,49306.08867756901,1
2023-07-03,66500,67600,64300,64700,407323,-0.006144393241167445,-0.006144393241167445,704.2654180519721,75.25640051215538,61440.0,56580.0,50710.833333333336,64032.94572635543,49127.05427364457,0
2023-07-04,65000,69200,64900,67300,393254,0.040185471406491535,0.040185471406491535,881.1641406980789,78.43812204022507,63100.0,57325.0,51165.0,65858.19986874794,48791.80013125207,1
2023-07-05,67700,69000,66000,66900,302109,-0.005943536404160454,-0.005943536404160454,894.7614068758389,76.80189873976059,64900.0,58045.0,51629.166666666664,67233.1390934182,48856.86090658181,0
2023-07-06,66900,67700,65500,66200,227940,-0.010463378176382654,-0.010463378176382654,784.1070512695278,73.89678164397716,66040.0,58695.0,52095.833333333336,68252.08637608762,49137.913623912376,0
2023-07-07,65700,68300,65200,67700,201998,0.0226586102719033,0.0226586102719033,739.9865922718932,75.99242724959672,66560.0,59375.0,52590.833333333336,69448.90192527203,49301.09807472796,1
2023-07-10,67900,71000,67200,68400,343928,0.010339734121122657,0.010339734121122657,687.1404478772456,76.92350324141077,67300.0,60175.0,53088.333333333336,70445.51605324677,49904.48394675323,1
2023-07-11,68500,73000,68500,72500,406261,0.059941520467836185,0.059941520467836185,847.0094200387712,81.45913146716337,68340.0,61140.0,53615.0,72203.88720116034,50076.112798839655,1
2023-07-12,73000,74400,67500,69400,651435,-0.04275862068965519,-0.04275862068965519,670.4058253015937,70.22093325647346,68840.0,61990.0,54013.333333333336,72847.60562923519,51132.394370764814,0
2023-07-13,69600,69700,66600,69300,425077,-0.0014409221902017544,-0.0014409221902017544,482.0905974168536,69.88599093243624,69460.0,62795.0,54375.833333333336,73308.32012258733,52281.679877412666,0
2023-07-14,69700,69700,66400,67800,553287,-0.02164502164502169,-0.02164502164502169,205.8630288560089,64.88641515064491,69480.0,63385.0,54672.5,73627.70960244405,53142.290397555946,0
2023-07-17,68300,69800,67500,68700,272405,0.01327433628318575,0.01327433628318575,41.707203570631464,66.43783358777263,69540.0,63925.0,54972.5,74092.57099803093,53757.42900196907,1
2023-07-18,68700,68900,66200,67600,269603,-0.01601164483260553,-0.01601164483260553,-171.32929139282078,62.78647299053586,68560.0,64430.0,55264.166666666664,74268.92270525589,54591.07729474412,0
2023-07-19,68000,68600,66400,67200,240678,-0.00591715976331364,-0.00591715976331364,-358.7726592586414,61.463626549767184,68120.0,64875.0,55578.333333333336,74363.493031035,55386.506968965004,0
2023-07-20,67000,71700,66600,70200,373145,0.044642857142857206,0.044642857142857206,-302.55088735918525,67.06778311094689,68300.0,65525.0,55898.333333333336,74593.15857823404,56456.84142176596,1
2023-07-21,70000,71200,68800,70300,189997,0.0014245014245013454,0.0014245014245013454,-280.933415017279,67.23880926292283,68800.0,66195.0,56228.333333333336,74568.64317367296,57821.35682632704,1
2023-07-24,70500,73300,68600,71800,378211,0.021337126600284417,0.021337126600284417,-192.15343743815265,69.77447150157813,69420.0,66925.0,56541.666666666664,74546.51559730739,59303.484402692615,1
2023-07-25,72100,81700,71000,80600,998076,0.12256267409470745,0.12256267409470745,400.3756065645771,79.7007708411528,72020.0,68005.0,57026.666666666664,76851.57560867479,59158.424391325214,1
2023-07-26,82800,84000,68000,69600,1650564,-0.1364764267990074,-0.1364764267990074,13.08117398121749,55.26764155393809,72500.0,68590.0,57330.0,76138.48329136388,61041.51670863612,0
2023-07-27,72000,74600,69000,70600,717461,0.014367816091954033,0.014367816091954033,-202.26286609098543,56.57107146866275,72580.0,69095.0,57663.333333333336,75703.9257826064,62486.074217393594,1
2023-07-28,69400,73900,68500,72900,329912,0.03257790368271962,0.03257790368271962,-215.119080001793,59.49449952014141,73100.0,69485.0,57996.666666666664,76025.11467789362,62944.88532210637,1
2023-07-31,74600,76200,72400,74300,418255,0.019204389574760006,0.019204389574760006,-157.3315008770669,61.20632354639572,73600.0,69965.0,58375.0,76438.72381245908,63491.27618754092,1
2023-08-01,74500,74700,71900,73700,352886,-0.008075370121130576,-0.008075370121130576,-185.57181858247577,60.03531568222787,72220.0,70285.0,58738.333333333336,76832.44988526065,63737.55011473935,0
2023-08-02,73000,78000,73000,74800,621389,0.014925373134328401,0.014925373134328401,-157.33936706275745,61.48998191837254,73260.0,70680.0,59165.0,77315.54067126408,64044.459328735924,1
2023-08-03,74500,75100,70300,73200,415586,-0.021390374331550777,-0.021390374331550777,-267.13995367634516,58.17316394788247,73780.0,71030.0,59568.333333333336,77417.20596192105,64642.79403807896,0
2023-08-04,72800,74400,72500,73000,129720,-0.002732240437158473,-0.002732240437158473,-367.74745092438206,57.75379861826233,73800.0,71295.0,59965.0,77545.91193347017,65044.08806652983,0
2023-08-07,74000,76100,71900,72600,315396,-0.005479452054794498,-0.005479452054794498,-469.2442485413094,56.87077230960404,73460.0,71505.0,60365.0,77633.77638684915,65376.223613150854,0
2023-08-08,72600,77200,71600,76200,411778,0.04958677685950419,0.04958677685950419,-309.6376547228115,62.43721861687978,73960.0,71690.0,60845.0,78142.56538130375,65237.43461869624,1
2023-08-09,75500,76800,73600,74300,209621,-0.02493438320209973,-0.02493438320209973,-345.0347791000254,58.170033895387235,73860.0,71935.0,61290.0,78393.25827913376,65476.741720866245,0
2023-08-10,73600,74300,71800,71900,268148,-0.032301480484522194,-0.032301480484522194,-531.9233082955484,53.22201309505942,73600.0,72065.0,61700.833333333336,78409.53307974666,65720.46692025334,0
2023-08-11,72200,74600,69500,74000,273912,0.029207232267037586,0.029207232267037586,-515.5748616397859,56.69322243350384,73800.0,72375.0,62145.833333333336,78456.07720720595,66293.92279279405,1
2023-08-14,73600,76400,73100,75100,228992,0.014864864864864824,0.014864864864864824,-435.3409928810979,58.43320113128687,74300.0,72695.0,62605.833333333336,78640.91456379922,66749.08543620078,1
2023-08-16,74700,76400,72700,72900,263414,-0.02929427430093212,-0.02929427430093212,-528.877031610205,53.77929276734608,73640.0,72960.0,63060.833333333336,78427.13819104654,67492.86180895346,0
2023-08-17,72300,73600,68800,70400,293042,-0.03429355281207136,-0.03429355281207136,-744.3652495683777,49.00308127646393,72860.0,73120.0,63427.5,78065.94783636056,68174.05216363944,0
2023-08-18,70000,70500,68000,69800,272371,-0.008522727272727293,-0.008522727272727293,-902.0443621713202,47.90348936435887,72440.0,73100.0,63788.333333333336,78095.99839871869,68104.00160128131,0
2023-08-21,70800,71200,68000,69400,252998,-0.005730659025787954,-0.005730659025787954,-1000.4045735213208,47.14398915090181,71520.0,73055.0,64110.0,78165.95881415608,67944.04118584392,0
2023-08-22,69800,72600,69600,71900,180550,0.036023054755043304,0.036023054755043304,-869.077292497228,52.24063010936465,70880.0,73060.0,64492.5,78166.23148711452,67953.76851288548,1
2023-08-23,71500,72500,68200,68500,234974,-0.04728789986091797,-0.04728789986091797,-975.214147696925,45.77590336551323,70000.0,72455.0,64830.0,76626.07899709413,68283.92100290587,0
2023-08-24,69200,70200,67500,70100,177709,0.023357664233576658,0.023357664233576658,-903.3140243080086,48.97585386779406,69940.0,72480.0,65196.666666666664,76587.84615096521,68372.15384903479,1
2023-08-25,68300,69500,66800,67400,299219,-0.03851640513552068,-0.03851640513552068,-995.9500141994879,44.23215118444801,69460.0,72320.0,65505.0,76927.211738134,67712.788261866,0
2023-08-28,67500,69800,67500,68800,161035,0.020771513353115667,0.020771513353115667,-922.9355274422977,47.09364143638795,69340.0,72115.0,65855.0,76959.4917174044,67270.5082825956,1
2023-08-29,69200,70200,68300,69600,133565,0.011627906976744207,0.011627906976744207,-786.1091126841943,48.713069715239534,68880.0,71880.0,66141.66666666667,76733.69961987757,67026.30038012243,1
2023-08-30,70000,70200,68400,69800,170015,0.002873563218390718,0.002873563218390718,-652.9581810634128,49.13226935693894,69140.0,71685.0,66431.66666666667,76543.91963300481,66826.08036699519,1
2023-08-31,69400,71500,69000,70400,241656,0.008595988538681931,0.008595988538681931,-502.0756736226155,50.44097768280093,69200.0,71465.0,66730.0,76134.59313002747,66795.40686997253,1
2023-09-01,70000,70000,61400,63100,1027895,-0.10369318181818177,-0.10369318181818177,-851.0040804770292,37.72420535955409,68340.0,70960.0,66895.0,76806.16113359867,65113.838866401326,0
2023-09-04,64000,65200,63200,64600,322702,0.023771790808240878,0.023771790808240878,-931.3778297657414,41.01490874543616,67500.0,70540.0,67070.0,76921.9746160573,64158.0253839427,1
2023-09-05,64400,65300,63900,64700,201357,0.001547987616099089,0.001547987616099089,-926.435328583862,41.237834720504466,66520.0,70145.0,67275.0,76933.07041802011,63356.929581979886,1
2023-09-06,64700,65500,63400,64400,228767,-0.004636785162287493,-0.004636785162287493,-891.6928805511238,40.74038466621679,65440.0,69555.0,67461.66666666667,76184.77375179574,62925.226248204264,0
2023-09-07,64200,65000,61900,62600,342450,-0.02795031055900621,-0.02795031055900621,-933.7878069690053,37.794484727174485,63880.0,68970.0,67631.66666666667,75880.60055277396,62059.399447226046,0
2023-09-08,61900,63100,61500,62700,196587,0.0015974440894568342,0.0015974440894568342,-898.4543729523431,38.06243805225677,63800.0,68510.0,67790.0,75793.92751199513,61226.07248800486,1
2023-09-11,63000,68400,62400,67000,519110,0.06858054226475274,0.06858054226475274,-546.3606323600397,48.36267338879284,64280.0,68160.0,67973.33333333333,75015.18781653717,61304.812183462825,1
2023-09-12,68400,69700,67300,67500,372319,0.00746268656716409,0.00746268656716409,-255.44686007077098,49.416069820120505,64840.0,67780.0,68133.33333333333,73852.10013092667,61707.89986907333,1
2023-09-13,69000,69000,66000,67100,250377,-0.00592592592592589,-0.00592592592592589,-74.98336968672902,48.56256808486352,65380.0,67490.0,68293.33333333333,73092.10674657309,61887.89325342691,0
2023-09-14,67100,68200,66600,67100,158520,0.0,0.0,52.489797203113994,48.56256808486352,66280.0,67325.0,68440.0,72766.64497188118,61883.35502811882,0
2023-09-15,68400,71000,68000,70200,361165,0.046199701937406745,0.046199701937406745,337.78242484149223,55.47472909920787,67780.0,67345.0,68656.66666666667,72825.68426384879,61864.31573615121,1
2023-09-18,70300,72400,69900,71900,216783,0.024216524216524205,0.024216524216524205,616.9231182241998,58.74848561614906,68760.0,67470.0,68906.66666666667,73238.91670940045,61701.08329059955,1
2023-09-19,72200,74800,71000,74400,283182,0.03477051460361613,0.03477051460361613,927.2229204699686,63.05096392221292,70140.0,67595.0,69193.33333333333,73831.81809899886,61358.181901001146,1
2023-09-20,74300,75000,71000,71200,200259,-0.043010752688172005,-0.043010752688172005,874.9122077646548,55.125479354631686,70960.0,67730.0,69396.66666666667,74153.42587720911,61306.57412279088,0
2023-09-21,70000,71100,69000,69200,187796,-0.028089887640449396,-0.028089887640449396,672.6535579035942,50.82537142669918,71380.0,67685.0,69585.0,74053.759690866,61316.24030913399,0
2023-09-22,67600,70600,67500,69800,161308,0.00867052023121384,0.00867052023121384,551.4059910535076,52.034199702566724,71300.0,67805.0,69740.0,74237.87649500593,61372.12350499407,1
2023-09-25,69300,70200,66300,67300,281404,-0.035816618911174825,-0.035816618911174825,288.19907576927847,46.86476121385106,70380.0,67730.0,69776.66666666667,74149.68846596155,61310.311534038454,0
2023-09-26,67300,67900,65100,65400,189574,-0.02823179791976227,-0.02823179791976227,-12.553733175624714,43.34066063222285,68580.0,67520.0,69788.33333333333,73956.02361711016,61083.97638288984,0
2023-09-27,65000,67000,65000,66600,113698,0.0183486238532109,0.0183486238532109,-123.21025133483687,46.0975704241521,67660.0,67360.0,69776.66666666667,73719.99999999999,61000.00000000002,1
2023-10-04,66200,67500,64800,65100,146288,-0.022522522522522515,-0.022522522522522515,-280.9441708956267,43.26376481920214,66840.0,67095.0,69746.66666666667,73367.3121733536,60822.687826646405,0
2023-10-05,66100,67700,65000,66000,122802,0.01382488479262678,0.01382488479262678,-306.11389915073323,45.4313259442041,66080.0,67240.0,69743.33333333333,73265.41284892577,61214.58715107423,1
2023-10-06,66000,67200,65400,66100,89400,0.0015151515151514694,0.0015151515151514694,-297.2319573019638,45.67964816717012,65840.0,67315.0,69716.66666666667,73243.66764121584,61386.332358784166,1
2023-10-10,67000,71400,66800,67300,263843,0.018154311649016597,0.018154311649016597,-196.59581243703195,48.696704235425194,66220.0,67445.0,69698.33333333333,73251.36719472682,61638.632805273184,1
2023-10-11,67400,71300,67100,71200,213145,0.05794947994056465,0.05794947994056465,129.0303502284615,57.04668601609683,67140.0,67785.0,69676.66666666667,73634.53844333036,61935.461556669645,1
2023-10-12,71500,72200,70100,70700,150113,-0.0070224719101124045,-0.0070224719101124045,297.51422868567397,55.792939931686035,68260.0,68190.0,69698.33333333333,73656.58943034866,62723.410569651336,0
2023-10-13,70200,72200,70200,71600,165852,0.012729844413012836,0.012729844413012836,447.3387986745587,57.59932018738614,69380.0,68635.0,69736.66666666667,73673.75976803813,63596.24023196186,1
2023-10-16,70600,74400,70500,73000,277280,0.019553072625698276,0.019553072625698276,608.5032803735174,60.31579356817559,70760.0,68935.0,69823.33333333333,74255.25375334671,63614.74624665329,1
2023-10-17,73500,78000,73500,76000,469745,0.041095890410958846,0.041095890410958846,869.0482506441374,65.42724793619735,72500.0,69360.0,69945.0,75455.37529607487,63264.62470392514,1
2023-10-18,75700,77300,74100,75400,200982,-0.007894736842105288,-0.007894736842105288,946.5004614625393,63.66114539604351,73340.0,69775.0,70075.0,76312.54541093213,63237.45458906787,0
2023-10-19,74100,74800,71000,71000,428520,-0.05835543766578244,-0.05835543766578244,660.4691163615234,52.47467390662296,73400.0,69970.0,70138.33333333333,76408.66445778935,63531.33554221066,0
2023-10-20,70300,73000,67700,72900,461365,0.026760563380281654,0.026760563380281654,562.1534953473856,56.06485491034504,73660.0,70105.0,70183.33333333333,76669.28975594464,63540.710244055364,1
2023-10-23,70500,70800,65500,68500,745473,-0.060356652949245526,-0.060356652949245526,183.3157772662903,47.176855994393904,72760.0,69935.0,70153.33333333333,76480.61685404819,63389.38314595181,0
2023-10-24,69200,73500,69200,73500,332551,0.07299270072992692,0.07299270072992692,247.97976868989167,55.75973551469704,72260.0,69890.0,70181.66666666667,76323.63039037834,63456.36960962166,1
2023-10-25,76800,78000,70300,74500,609584,0.013605442176870763,0.013605442176870763,331.39639496787765,57.25563468598093,72080.0,70055.0,70080.0,76777.3433414249,63332.6566585751,1
2023-10-26,72000,75000,71000,74000,295500,-0.006711409395973145,-0.006711409395973145,325.71215693952195,56.23181981527847,72680.0,70295.0,70153.33333333333,77217.85345793191,63372.1465420681,0
2023-10-27,74500,76800,73500,74400,340825,0.00540540540540535,0.00540540540540535,321.17273403017134,56.89586375448412,72980.0,70525.0,70216.66666666667,77668.91349331722,63381.08650668279,1
2023-10-30,74400,75100,71400,73700,239714,-0.009408602150537626,-0.009408602150537626,246.65737528176828,55.31425830386603,74020.0,70845.0,70230.0,77955.68913678553,63734.31086321447,0
2023-10-31,75000,77600,74000,75000,490711,0.01763907734056991,0.01763907734056991,259.26181942838343,57.66778149870886,74320.0,71325.0,70241.66666666667,78192.56871097769,64457.431289022315,1
2023-11-01,76100,79000,75400,78700,504336,0.04933333333333323,0.04933333333333323,478.3820054811638,63.55173727633025,75160.0,71930.0,70325.0,79148.89188172255,64711.10811827745,1
2023-11-02,79600,79900,77000,77600,300624,-0.013977128335451061,-0.013977128335451061,508.0404997721414,60.8440880479349,75880.0,72555.0,70371.66666666667,79457.89069883044,65652.10930116956,0
2023-11-03,78500,78600,73600,76200,337911,-0.01804123711340211,-0.01804123711340211,397.0901026603474,57.48705899905229,76240.0,73065.0,70421.66666666667,79442.54655020249,66687.45344979751,0
2023-11-06,75400,77200,75100,77000,308176,0.01049868766404205,0.01049868766404205,343.3187913494485,58.88311721759812,76900.0,73610.0,70488.33333333333,79344.07359562116,67875.92640437884,1
2023-11-07,76300,82000,76300,80200,499737,0.04155844155844157,0.04155844155844157,480.5849044580368,63.97862368094178,77940.0,74255.0,70615.0,79906.36266753424,68603.63733246576,1
2023-11-08,80600,85900,80200,82300,646459,0.026184538653366562,0.026184538653366562,659.0990773031817,66.87943150021057,78660.0,74810.0,70716.66666666667,81274.0235148087,68345.9764851913,1
2023-11-09,82300,83300,81400,82100,182893,-0.002430133657351119,-0.002430133657351119,705.8258800623944,66.33156557893548,79560.0,75380.0,70846.66666666667,82289.00861195003,68470.99138804997,0
2023-11-10,82500,87200,82000,83500,640302,0.01705237515225333,0.01705237515225333,768.0009583380706,68.28979464327767,81020.0,75975.0,71040.0,83501.4533480252,68448.5466519748,1
2023-11-13,84000,87100,82500,84400,383598,0.010778443113772518,0.010778443113772518,802.9401346384866,69.51721784793936,82500.0,76545.0,71213.33333333333,84777.49051016761,68312.50948983239,1
2023-11-14,85100,85100,80500,82900,343014,-0.017772511848341277,-0.017772511848341277,663.9843497246638,65.00125413204597,83040.0,76890.0,71343.33333333333,85568.45608388956,68211.54391611044,0
2023-11-15,83900,84500,81400,84200,181218,0.01568154402895061,0.01568154402895061,600.4949679319179,67.00195885496775,83420.0,77330.0,71531.66666666667,86537.84448174489,68122.15551825511,1
2023-11-16,84800,88200,83800,86800,383425,0.030878859857482288,0.030878859857482288,669.2289973565084,70.61943248872387,84360.0,78120.0,71805.0,87722.62464121137,68517.37535878863,1
2023-11-17,86800,89800,86700,88000,342035,0.01382488479262678,0.01382488479262678,726.3649103380876,72.13762859483609,85260.0,78875.0,72108.33333333333,89073.21062736007,68676.78937263993,1
2023-11-20,87300,87500,84800,85400,235879,-0.02954545454545454,-0.02954545454545454,529.073534588666,64.37575104651538,85460.0,79720.0,72375.0,89107.9923306317,70332.0076693683,0
2023-11-21,85400,85700,84100,85300,157368,-0.0011709601873536313,-0.0011709601873536313,340.99269720190296,64.09011873329499,85940.0,80310.0,72598.33333333333,89542.09618667395,71077.90381332605,0
2023-11-22,84700,86800,83500,84600,175763,-0.008206330597889777,-0.008206330597889777,129.47656548448185,62.01582489898589,86020.0,80815.0,72866.66666666667,89822.83547807128,71807.16452192872,0
2023-11-23,84600,87000,83500,84100,219677,-0.005910165484633523,-0.005910165484633523,-73.17190008343869,60.50936206286022,85480.0,81320.0,73100.0,89863.44192933971,72776.55807066029,0
2023-11-24,85000,87600,84500,86800,325080,0.03210463733650415,0.03210463733650415,-55.25581910034907,65.39748387839984,85240.0,81940.0,73423.33333333333,90179.02906901049,73700.97093098951,1
2023-11-27,87000,89000,85100,86000,229413,-0.009216589861751112,-0.009216589861751112,-123.26922812748307,62.9126533227854,85360.0,82555.0,73710.0,90044.05200943348,75065.94799056652,0
2023-11-28,86500,87400,84400,85100,196416,-0.010465116279069764,-0.010465116279069764,-247.67701235021514,60.144020266185166,85320.0,83060.0,73968.33333333333,89764.14796972738,76355.85203027262,0
2023-11-29,85500,86500,83200,86200,282807,0.01292596944770863,0.01292596944770863,-272.7102031354516,62.32625303876528,85640.0,83435.0,74241.66666666667,89958.27371800385,76911.72628199615,1
2023-11-30,87300,90800,83800,84100,429280,-0.02436194895591648,-0.02436194895591648,-437.74000523352925,56.02012282747852,85640.0,83760.0,74470.0,89710.59660874435,77809.40339125565,0
2023-12-01,84500,88400,84400,86300,299385,0.026159334126040434,0.026159334126040434,-406.45218375902687,60.5261096311668,85540.0,84265.0,74856.66666666667,89189.33751889528,79340.66248110472,1
2023-12-04,86900,86900,81800,83900,286931,-0.02780996523754342,-0.02780996523754342,-546.3913052536413,54.02344411155032,85120.0,84610.0,75178.33333333333,88249.17573084892,80970.82426915108,0
2023-12-05,82800,85500,80800,83100,173636,-0.009535160905840279,-0.009535160905840279,-682.9627189804487,52.017309950809754,84720.0,84755.0,75485.0,87873.63752302183,81636.36247697817,0
2023-12-06,83100,83400,79000,80900,381593,-0.026474127557160054,-0.026474127557160054,-898.0521386996525,46.86348499449787,83660.0,84685.0,75760.0,88072.1964808673,81297.8035191327,0
2023-12-07,81000,81600,79800,80100,123900,-0.00988875154511748,-0.00988875154511748,-1059.688208802112,45.11308892618145,82860.0,84585.0,76051.66666666667,88366.67952105936,80803.32047894064,0
2023-12-08,80100,80800,79100,80000,164608,-0.0012484394506866447,-0.0012484394506866447,-1132.2599165894703,44.887394496119406,81600.0,84410.0,76340.0,88669.99999999997,80150.00000000003,0
2023-12-11,80700,84200,80000,82500,204692,0.03125,0.03125,-976.6969033913967,51.42947343905992,81320.0,84315.0,76598.33333333333,88655.63359430392,79974.36640569608,1
2023-12-12,83500,84400,79400,80100,249281,-0.029090909090909056,-0.029090909090909056,-996.77879988945,45.807862556811095,80720.0,84175.0,76808.33333333333,88856.39936343822,79493.60063656178,0
2023-12-13,80100,83700,78800,81700,312590,0.019975031210986316,0.019975031210986316,-868.3562809962436,49.75123266602666,80880.0,84050.0,77051.66666666667,88853.95670255256,79246.04329744744,1
2023-12-14,82000,83400,80300,82200,735643,0.006119951040391758,0.006119951040391758,-721.8064627775789,50.95234658216226,81300.0,83820.0,77303.33333333333,88514.50742890027,79125.49257109973,1
2023-12-15,82100,85300,81600,82000,261559,-0.0024330900243308973,-0.0024330900243308973,-614.6044098962365,50.433046176880865,81700.0,83520.0,77500.0,87861.24406132617,79178.75593867383,0
2023-12-18,82000,85500,82000,84500,209596,0.030487804878048808,0.030487804878048808,-363.97598271092204,56.4131006922406,82100.0,83475.0,77710.0,87755.59575292969,79194.40424707031,1
2023-12-19,85000,85000,83400,84100,133653,-0.004733727810650845,-0.004733727810650845,-220.83068922124744,55.26425448426267,82900.0,83415.0,77871.66666666667,87624.64369038517,79205.35630961483,0
2023-12-20,84300,86200,83900,84500,144766,0.0047562425683709275,0.0047562425683709275,-101.00020559448012,56.224317053374776,83460.0,83410.0,78093.33333333333,87614.235959125,79205.764040875,1
2023-12-21,83400,85500,83300,84500,128991,0.0,0.0,-27.361570697313937,56.224317053374776,83920.0,83430.0,78348.33333333333,87650.94776087074,79209.05223912926,0
2023-12-22,84900,84900,82500,82500,118030,-0.023668639053254448,-0.023668639053254448,-114.10831570346477,50.00175192635013,84020.0,83215.0,78560.0,87156.20539936701,79273.79460063299,0
2023-12-26,83200,83200,79500,80000,194187,-0.030303030303030276,-0.030303030303030276,-328.4828579120384,43.51822743339618,83120.0,82915.0,78771.66666666667,86875.94685649779,78954.05314350221,0
